,Image_id,score,fold
0,id_004wknd7qd.jpg,0,3
1,id_005sitfgr2.jpg,1,4
2,id_00stp9t6m6.jpg,0,3
3,id_012zxewnhx.jpg,0,4
4,id_0186qwq2at.jpg,2,3
5,id_01vb9vty05.jpg,1,3
6,id_01z6i8am9b.jpg,0,3
7,id_02lw7skww5.jpg,0,3
8,id_02olqz4tf5.jpg,0,1
9,id_03878to61t.jpg,1,0
10,id_04alcsykf1.jpg,1,1
11,id_04lhl9cypv.jpg,0,1
12,id_05udbcy9yj.jpg,2,3
13,id_06lh8r7g0p.jpg,0,1
14,id_06nrnxmqfw.jpg,0,1
15,id_06ya2x9n2i.jpg,0,0
16,id_08of6gx23n.jpg,0,3
17,id_08rn3cmwlk.jpg,2,0
18,id_09sjnce7rh.jpg,1,1
19,id_0b3wfufkrn.jpg,1,3
20,id_0b9myv7d84.jpg,0,2
21,id_0brsi9wkxu.jpg,1,2
22,id_0c29p9v7sv.jpg,0,3
23,id_0ch8257gec.jpg,1,4
24,id_0d2iguix1u.jpg,1,1
25,id_0d6zji749f.jpg,0,4
26,id_0e0h5rmcrc.jpg,1,4
27,id_0e1ftfk5dn.jpg,1,2
28,id_0e3fpywz1c.jpg,0,0
29,id_0elx409mfe.jpg,0,0
30,id_0ez1rb5d66.jpg,0,2
31,id_0fq83cw58m.jpg,0,1
32,id_0hekyy5bpe.jpg,1,4
33,id_0hyxh5b0u4.jpg,0,4
34,id_0iedaup7qi.jpg,1,2
35,id_0iq6qeyl1w.jpg,2,1
36,id_0j77fcidk8.jpg,2,0
37,id_0jbcvl994p.jpg,1,1
38,id_0jkkhi50wx.jpg,1,2
39,id_0jpbgzxzqn.jpg,0,0
40,id_0jy0churxc.jpg,2,4
41,id_0jyq9bzwk7.jpg,1,0
42,id_0l62hcuzm1.jpg,0,1
43,id_0l8i75umhc.jpg,1,3
44,id_0mpknci13k.jpg,2,2
45,id_0mw1rk52n5.jpg,1,0
46,id_0mxgeykc2o.jpg,0,2
47,id_0myvk2ag4l.jpg,0,0
48,id_0nia20ywdy.jpg,0,2
49,id_0nnu7uivc9.jpg,1,2
50,id_0ocimw5rd9.jpg,0,1
51,id_0on7ehcfs6.jpg,0,2
52,id_0qqjl92ak2.jpg,0,4
53,id_0qvf8osgu2.jpg,0,4
54,id_0r3pohuvp7.jpg,1,4
55,id_0rd5eo3nlk.jpg,0,3
56,id_0rii8hoel4.jpg,0,2
57,id_0rt7042emf.jpg,0,0
58,id_0s75euu5br.jpg,2,1
59,id_0scncwcx6o.jpg,0,1
60,id_0sil0chxq2.jpg,1,0
61,id_0siwx1jy2o.jpg,1,0
62,id_0tmckthy7o.jpg,0,2
63,id_0uln9eczp7.jpg,0,3
64,id_0usjcshpiz.jpg,0,3
65,id_0vf451vfs0.jpg,0,2
66,id_0vimpnch2v.jpg,0,1
67,id_0vyxc3q0ag.jpg,0,4
68,id_0w5lkubqj2.jpg,2,2
69,id_0wb2ywiy2k.jpg,1,1
70,id_0whs0xzbfq.jpg,2,2
71,id_0xfe72a7zl.jpg,2,0
72,id_10ban9j4v8.jpg,0,1
73,id_10qwzhu4s5.jpg,1,1
74,id_123km6luyn.jpg,0,0
75,id_12f3ehgz5j.jpg,1,4
76,id_1365fwc0kk.jpg,2,3
77,id_13lu6wca1y.jpg,0,1
78,id_14cxnddltb.jpg,0,2
79,id_14uv6cvj4t.jpg,0,2
80,id_14w9xmrtr0.jpg,1,3
81,id_150lf6urhb.jpg,1,0
82,id_15ibjudhde.jpg,2,0
83,id_15st3gmywa.jpg,0,3
84,id_179bxdmt6m.jpg,0,3
85,id_17gspyifkm.jpg,0,1
86,id_18i9pc17r4.jpg,0,2
87,id_18siuhyqa3.jpg,1,2
88,id_19xbegen3i.jpg,2,0
89,id_1aczad1o67.jpg,1,0
90,id_1adb16d409.jpg,0,3
91,id_1amhfq8s1v.jpg,0,2
92,id_1c3dsk1zwc.jpg,0,4
93,id_1cjl3vs7am.jpg,0,1
94,id_1cq9rbrysn.jpg,0,3
95,id_1cwmdm3z3c.jpg,0,2
96,id_1d6hpipyv9.jpg,0,1
97,id_1djv2y2t4i.jpg,0,4
98,id_1e2kulh32e.jpg,1,4
99,id_1ei6yj05ku.jpg,0,2
100,id_1eudnz8cyx.jpg,2,0
101,id_1exrog9pen.jpg,0,0
102,id_1fcpryfmli.jpg,0,4
103,id_1fl8rdha6a.jpg,1,4
104,id_1fmuselend.jpg,0,0
105,id_1h8bck1izk.jpg,1,2
106,id_1hnc4e44ca.jpg,0,1
107,id_1i7d3xsgqi.jpg,1,4
108,id_1iroyk2lnl.jpg,2,1
109,id_1k1w0imfaq.jpg,0,2
110,id_1kw7zxt7vf.jpg,1,4
111,id_1lf67njclm.jpg,1,1
112,id_1luj2jnngl.jpg,2,4
113,id_1m8fs2hvuh.jpg,2,2
114,id_1mmwxorf9w.jpg,0,4
115,id_1mmxexpjc4.jpg,0,3
116,id_1modeyq8pw.jpg,2,2
117,id_1n5mob5cu9.jpg,0,0
118,id_1nn28e2gjg.jpg,0,4
119,id_1ns81wb219.jpg,2,2
120,id_1o0r0k7cao.jpg,0,4
121,id_1ouwf7kqz8.jpg,2,4
122,id_1p6coq0441.jpg,2,2
123,id_1psdmz6adm.jpg,1,1
124,id_1py5uedoew.jpg,0,3
125,id_1q4sk5z8mh.jpg,0,1
126,id_1qc0fuh6qi.jpg,2,3
127,id_1rjrye85lt.jpg,0,1
128,id_1rrnabllez.jpg,0,2
129,id_1s80xwz8yt.jpg,1,0
130,id_1scp0uairs.jpg,0,1
131,id_1sz4ampvm1.jpg,0,3
132,id_1tda4wfz2c.jpg,0,3
133,id_1tr13db1z9.jpg,1,4
134,id_1tw2z322wl.jpg,1,2
135,id_1txoms8et9.jpg,0,2
136,id_1u5l0pdfat.jpg,1,0
137,id_1usoorv807.jpg,1,0
138,id_1v99wl0192.jpg,0,3
139,id_1vf3cyb27a.jpg,2,2
140,id_1vpnt5kybr.jpg,1,1
141,id_1w04b2mdhp.jpg,1,0
142,id_1wllqgodoe.jpg,0,1
143,id_1wrkgof4t0.jpg,0,1
144,id_1wvqt6z9ea.jpg,0,1
145,id_1x6rwxn1i5.jpg,1,4
146,id_1xc17pp4aj.jpg,0,1
147,id_1xiqm439gv.jpg,0,1
148,id_1xp6yvsue1.jpg,0,3
149,id_1y6gzh6q6i.jpg,1,2
150,id_1yt3tg7obo.jpg,1,3
151,id_1z4xx5omh5.jpg,0,0
152,id_1z9w9s4gut.jpg,1,2
153,id_1zu4ufd47p.jpg,0,0
154,id_20idcnwgt2.jpg,1,0
155,id_20newxyzt1.jpg,0,4
156,id_20w6zzu6of.jpg,1,1
157,id_211xn5bux3.jpg,1,0
158,id_212u64ftkg.jpg,0,0
159,id_21azle7ody.jpg,0,0
160,id_22t6nep7vz.jpg,0,3
161,id_232zgptzve.jpg,1,0
162,id_235t1meklw.jpg,1,1
163,id_239ggef0x9.jpg,2,3
164,id_249gmzrd4t.jpg,1,4
165,id_24uht68gef.jpg,1,4
166,id_25dh3esmiy.jpg,1,4
167,id_25ghc3to5j.jpg,1,0
168,id_25uyeuz5hr.jpg,2,2
169,id_265iiip2jl.jpg,1,4
170,id_265q4z1ajs.jpg,1,3
171,id_26xfhcisou.jpg,0,4
172,id_2703q4h8uv.jpg,0,2
173,id_27mug9m7i2.jpg,1,4
174,id_27stkuccqm.jpg,0,4
175,id_28br0a7tsk.jpg,0,3
176,id_28i1ri35rc.jpg,1,0
177,id_2988tc8m8j.jpg,2,1
178,id_29juuqkw41.jpg,0,4
179,id_2a0hmsk6t6.jpg,0,2
180,id_2be7iecyq1.jpg,0,2
181,id_2biiyjot4l.jpg,0,1
182,id_2c5wkl8b1b.jpg,1,3
183,id_2chavu9o3y.jpg,2,3
184,id_2cjeuso8ju.jpg,0,4
185,id_2d175r8up3.jpg,1,4
186,id_2dx4mgk2o2.jpg,0,1
187,id_2e67u0oabg.jpg,2,3
188,id_2exh5w0r8h.jpg,0,0
189,id_2gouppz0i4.jpg,0,3
190,id_2h7btzw8mf.jpg,0,2
191,id_2hc8qkb257.jpg,0,0
192,id_2hysya8huw.jpg,0,2
193,id_2iswovokk6.jpg,0,2
194,id_2j3paba297.jpg,0,2
195,id_2jbj3jk8vo.jpg,0,4
196,id_2jrs8te3hy.jpg,1,1
197,id_2jstua0yxr.jpg,1,2
198,id_2k0n8ihd2n.jpg,0,0
199,id_2khkze9nns.jpg,1,4
200,id_2llgcxkba1.jpg,2,1
201,id_2mtep1z4l5.jpg,0,0
202,id_2mymunmmxo.jpg,2,1
203,id_2n4dzm42n3.jpg,0,0
204,id_2o86r4dt8g.jpg,2,2
205,id_2opzwh9ch1.jpg,1,1
206,id_2pgr55z9vm.jpg,0,0
207,id_2qcyhmu9eh.jpg,0,2
208,id_2qemwbu6im.jpg,0,1
209,id_2sng029vcf.jpg,0,3
210,id_2vw3ddwfes.jpg,1,3
211,id_2w4wxbmyd7.jpg,1,0
212,id_2wazj6g1mb.jpg,0,2
213,id_2wxwvdvjvy.jpg,0,2
214,id_2x0cy7cbys.jpg,1,4
215,id_2x90ukkbbh.jpg,2,3
216,id_2xy1nmieiy.jpg,0,0
217,id_2ydnr42cgy.jpg,0,3
218,id_2yym93q8wu.jpg,0,3
219,id_2zboxtuuw7.jpg,2,4
220,id_2zcwzu192u.jpg,1,1
221,id_2zhnxx8p4t.jpg,0,4
222,id_2zp81669e8.jpg,0,0
223,id_30bt94rxno.jpg,0,3
224,id_30fya4ma8i.jpg,1,3
225,id_30lsrc1y1a.jpg,0,4
226,id_314z20dac3.jpg,1,2
227,id_3188ia4uci.jpg,0,1
228,id_31c9pz05co.jpg,0,4
229,id_31p3zk5bof.jpg,0,4
230,id_326cpnnell.jpg,0,0
231,id_327notunp4.jpg,1,4
232,id_32axhj56lq.jpg,1,2
233,id_32ihs47q1q.jpg,2,0
234,id_32v7wc368g.jpg,0,2
235,id_33aril7ex3.jpg,1,3
236,id_33whvnnbub.jpg,0,3
237,id_348zgkhimv.jpg,1,3
238,id_34iwgxr20a.jpg,2,0
239,id_35q6ubuf8u.jpg,2,0
240,id_35s3rjqzf8.jpg,0,2
241,id_35tldm1ccf.jpg,0,2
242,id_363gqf95j5.jpg,0,0
243,id_36ir5ckm9r.jpg,1,1
244,id_36uo5n4dz2.jpg,0,0
245,id_36za75e469.jpg,0,0
246,id_37ue9qhky0.jpg,1,1
247,id_37us5l4vzf.jpg,0,3
248,id_38hw6224lp.jpg,0,2
249,id_38qabzsca8.jpg,1,2
250,id_38qm8agal5.jpg,0,1
251,id_39bxqjp7c9.jpg,0,0
252,id_39c2aki4jl.jpg,1,2
253,id_3a2fk3qz8y.jpg,2,4
254,id_3aypb1f08k.jpg,1,4
255,id_3bv1ij46k0.jpg,0,3
256,id_3bwykh2xhh.jpg,2,3
257,id_3cfrb55mhe.jpg,1,2
258,id_3cmghsnsl0.jpg,0,2
259,id_3dawyb9dn7.jpg,1,2
260,id_3dlurew9hv.jpg,0,3
261,id_3dravepz5j.jpg,0,0
262,id_3e4bjiblls.jpg,1,4
263,id_3ebc2ulw9j.jpg,0,4
264,id_3h0edj8d6b.jpg,1,4
265,id_3hsedu5ufl.jpg,0,0
266,id_3ioq5usexa.jpg,0,4
267,id_3iznm4jzjv.jpg,0,1
268,id_3l20ex97u8.jpg,0,0
269,id_3lni7wmf0n.jpg,1,0
270,id_3n1opwimx5.jpg,0,3
271,id_3nf853h468.jpg,0,1
272,id_3oekpm1b5q.jpg,1,4
273,id_3ojyhi8mrt.jpg,0,4
274,id_3orngtv9zb.jpg,0,4
275,id_3oys6ynzum.jpg,1,0
276,id_3pahtw07j2.jpg,0,3
277,id_3pxxyjw7w5.jpg,0,3
278,id_3q85xxpzaz.jpg,0,1
279,id_3qmn0aef7k.jpg,0,4
280,id_3r82gcpylu.jpg,0,3
281,id_3s91brtaf6.jpg,0,4
282,id_3sat63z3jg.jpg,1,0
283,id_3v0u87qjfv.jpg,0,4
284,id_3vlqpkop9s.jpg,0,4
285,id_3vm9bzl4ou.jpg,2,1
286,id_3wml4i46tf.jpg,1,1
287,id_3yi1kcyhg6.jpg,1,4
288,id_3yu7zbqe7n.jpg,0,1
289,id_3z5cxik19b.jpg,1,3
290,id_3zqmvsy264.jpg,0,0
291,id_3zsbha1q0y.jpg,1,3
292,id_402y696yuk.jpg,2,0
293,id_40dyvctgu0.jpg,1,3
294,id_40gia5qo8y.jpg,0,1
295,id_41edruxm2u.jpg,1,4
296,id_420urw0jns.jpg,0,1
297,id_426nggoazd.jpg,0,0
298,id_42liyjeu8h.jpg,2,1
299,id_43isoyprkg.jpg,2,1
300,id_43xuxnolcq.jpg,0,1
301,id_4431tffb71.jpg,1,0
302,id_44tf91uri3.jpg,0,0
303,id_45cv2yhvaq.jpg,1,1
304,id_45rnjlkigb.jpg,0,0
305,id_46khruu5uj.jpg,0,1
306,id_46s129wpl6.jpg,2,0
307,id_46we7q4dw4.jpg,1,1
308,id_49gidup91w.jpg,1,3
309,id_49gye0aatk.jpg,1,1
310,id_49hmnqiue8.jpg,0,3
311,id_49ok9u95sn.jpg,1,2
312,id_49sbw79ppy.jpg,0,4
313,id_4aiotezgvc.jpg,2,4
314,id_4bn2al6f6x.jpg,1,0
315,id_4cpc9lm5aq.jpg,0,2
316,id_4ctkun1jor.jpg,0,1
317,id_4dv9x0y03t.jpg,0,3
318,id_4dw9ivighj.jpg,1,3
319,id_4efgot6loy.jpg,0,1
320,id_4f1upw467q.jpg,1,3
321,id_4f71mgfc1o.jpg,0,4
322,id_4g0nlxb3ka.jpg,0,0
323,id_4gd6uw5eeh.jpg,2,0
324,id_4gxfkhgdke.jpg,2,4
325,id_4hz8vkmm7d.jpg,0,4
326,id_4i2qlfmdgm.jpg,0,2
327,id_4i3p5zb6em.jpg,1,1
328,id_4ivn2lkbls.jpg,0,2
329,id_4k86yik8cm.jpg,0,1
330,id_4lks759yke.jpg,0,2
331,id_4lpilz5w6t.jpg,2,4
332,id_4lzks3roik.jpg,0,0
333,id_4meny76mfl.jpg,0,2
334,id_4mwgc94d4u.jpg,0,4
335,id_4n782v4xuh.jpg,1,1
336,id_4nbktgn7m4.jpg,0,0
337,id_4okf6misdn.jpg,0,2
338,id_4owp8t2ucs.jpg,0,4
339,id_4q1gs6sy07.jpg,1,0
340,id_4q5wm8a24p.jpg,2,2
341,id_4q7lbq5lhw.jpg,0,2
342,id_4qbfwt532e.jpg,2,2
343,id_4qpa8e8g8p.jpg,0,1
344,id_4r8ojzh87f.jpg,2,3
345,id_4ry7cbbcnm.jpg,0,3
346,id_4s4bzmgvq3.jpg,1,1
347,id_4t18reb94k.jpg,0,1
348,id_4t2y8tqmkr.jpg,0,0
349,id_4tklcewd73.jpg,1,3
350,id_4ttin5lf2x.jpg,0,4
351,id_4u9lqalu4b.jpg,2,4
352,id_4uv7pzf1oi.jpg,0,3
353,id_4uwckxevea.jpg,0,4
354,id_4uxeh1of9p.jpg,0,3
355,id_4v2z2qovgh.jpg,1,0
356,id_4vg6gabhpn.jpg,0,0
357,id_4ws4xbxh6r.jpg,0,1
358,id_4yvkffuexi.jpg,2,2
359,id_4yw5e1504n.jpg,1,2
360,id_4z2qz5kpc5.jpg,0,0
361,id_4zbq34029n.jpg,1,4
362,id_4zlsv1th0s.jpg,1,3
363,id_506udgo49v.jpg,0,0
364,id_50n31po8yo.jpg,2,0
365,id_51wt0y6ppg.jpg,0,4
366,id_51y0xtjzm9.jpg,1,1
367,id_5302ax0276.jpg,0,3
368,id_53a9krmty0.jpg,0,4
369,id_540axscz3z.jpg,2,0
370,id_555bwwcsxm.jpg,0,2
371,id_55ofgipxtd.jpg,0,1
372,id_55ulecktat.jpg,1,1
373,id_55ys43av9p.jpg,1,2
374,id_562afhrevx.jpg,0,3
375,id_567ibbgt8t.jpg,1,1
376,id_56rbfzgrwz.jpg,0,1
377,id_57elve2x2e.jpg,2,4
378,id_57gliyr4vd.jpg,1,2
379,id_57k689lo6u.jpg,1,2
380,id_589moq11oj.jpg,0,0
381,id_58vpvwo3x9.jpg,0,2
382,id_59jw536991.jpg,0,1
383,id_5a4rts44jf.jpg,0,3
384,id_5ao31as6ct.jpg,1,3
385,id_5b4urb2qsc.jpg,0,0
386,id_5b98qv70vv.jpg,2,4
387,id_5bdifef3wc.jpg,0,2
388,id_5bfdf8jj1g.jpg,1,0
389,id_5cna73s689.jpg,1,3
390,id_5dirsrbpf7.jpg,1,3
391,id_5dtdoxb586.jpg,0,3
392,id_5epbgx69nl.jpg,0,2
393,id_5eujyux0xp.jpg,0,4
394,id_5flj2wpgl7.jpg,2,2
395,id_5frso59nwt.jpg,2,1
396,id_5fzo4ugnzw.jpg,0,4
397,id_5g0xilxd18.jpg,1,2
398,id_5gcorw0heg.jpg,0,4
399,id_5h6byr5je6.jpg,0,4
400,id_5hj5x2oq29.jpg,1,2
401,id_5hw7sz7k63.jpg,1,4
402,id_5i06binvhd.jpg,0,2
403,id_5ix0scjnn2.jpg,1,4
404,id_5jcflv2hz4.jpg,0,0
405,id_5jjot0unb4.jpg,0,0
406,id_5k0gr2r8nj.jpg,2,0
407,id_5kcjgqapz7.jpg,1,4
408,id_5kw2ffbqaz.jpg,2,1
409,id_5l51h6ll8t.jpg,0,2
410,id_5l9rcvzogj.jpg,2,3
411,id_5lvfjussws.jpg,0,3
412,id_5md1210gjd.jpg,2,0
413,id_5mgkik36q7.jpg,0,1
414,id_5mx0khuiit.jpg,0,0
415,id_5nxbo5upjh.jpg,1,1
416,id_5o2n2kgnub.jpg,0,2
417,id_5o7fkn4jm8.jpg,1,2
418,id_5p0w84eavp.jpg,0,0
419,id_5q0i6j32rm.jpg,0,0
420,id_5q5zvwkw1b.jpg,0,4
421,id_5q7oehxxtg.jpg,0,4
422,id_5qb3wq0p55.jpg,0,3
423,id_5qnl7nz3tl.jpg,0,1
424,id_5so71i5llq.jpg,2,4
425,id_5sp5pize8b.jpg,0,3
426,id_5thz3en12c.jpg,0,4
427,id_5tvkca077i.jpg,0,4
428,id_5u8a9c8zp5.jpg,0,4
429,id_5uj9h4ywtz.jpg,1,4
430,id_5umfbwak8k.jpg,2,4
431,id_5v029on2ak.jpg,0,3
432,id_5vhbamb3kq.jpg,0,4
433,id_5vrgf7m9hi.jpg,0,3
434,id_5wncnovked.jpg,1,3
435,id_5xxxn9vfrs.jpg,1,2
436,id_5yg6t6le0p.jpg,0,3
437,id_5ytpn934po.jpg,2,1
438,id_5z13s5f1v1.jpg,0,2
439,id_5z7hi23b4r.jpg,0,1
440,id_5z8fwu2mps.jpg,1,3
441,id_60kswnczyg.jpg,0,3
442,id_60uqhxndmn.jpg,0,0
443,id_60zkdx7is0.jpg,0,1
444,id_61lw1818n6.jpg,2,1
445,id_61miy7ftny.jpg,2,3
446,id_61qkwobnsw.jpg,2,2
447,id_61x3dvd409.jpg,0,4
448,id_620nvazc8y.jpg,0,3
449,id_6242dd12ty.jpg,0,2
450,id_62rqfjaq2c.jpg,0,3
451,id_62ru5tocq0.jpg,1,0
452,id_6331bpuxmu.jpg,0,4
453,id_635nf5x7n2.jpg,0,3
454,id_63a7e14im8.jpg,1,1
455,id_63q5dpd1dp.jpg,2,0
456,id_63w1562d1a.jpg,0,4
457,id_6402j85iv4.jpg,1,1
458,id_640p6yyw69.jpg,0,2
459,id_641qkexgbk.jpg,1,3
460,id_647xz96ym8.jpg,0,2
461,id_64is9s4kbg.jpg,0,2
462,id_64pcjjz9ty.jpg,1,4
463,id_64tw1y6js6.jpg,1,3
464,id_66l44iju5m.jpg,0,3
465,id_670te73u4a.jpg,1,2
466,id_6770837k4a.jpg,1,3
467,id_67ayoz8p16.jpg,2,3
468,id_67hjoyr2ox.jpg,1,4
469,id_67p0cvwyml.jpg,0,1
470,id_680aejuavl.jpg,0,1
471,id_685kg5u3kv.jpg,1,3
472,id_68dgr9zkxe.jpg,0,3
473,id_695djq9dtr.jpg,0,3
474,id_697m91ot50.jpg,0,3
475,id_6a2w2q44fc.jpg,2,2
476,id_6av0f4snpk.jpg,0,0
477,id_6ayath560z.jpg,0,4
478,id_6azo003fwf.jpg,0,3
479,id_6b7rvpe47v.jpg,0,4
480,id_6bb1u8jcin.jpg,1,0
481,id_6bhrkbaw2l.jpg,0,1
482,id_6brz9uie9y.jpg,2,2
483,id_6bujp7ln2q.jpg,1,2
484,id_6c3582mhtj.jpg,2,0
485,id_6cigbz0lhk.jpg,0,1
486,id_6cqatr3fr0.jpg,0,0
487,id_6cwdxo8a5z.jpg,0,1
488,id_6d2qxtgyi3.jpg,2,0
489,id_6e9vm2yaof.jpg,0,1
490,id_6eqyf5wt8s.jpg,0,1
491,id_6etu26w6rp.jpg,1,3
492,id_6fufqrqeyg.jpg,0,0
493,id_6fxcawqzte.jpg,1,3
494,id_6g208oc1g5.jpg,2,0
495,id_6g7lay8qua.jpg,0,3
496,id_6galwii9vy.jpg,0,2
497,id_6gfouzum5z.jpg,0,3
498,id_6gvtu4fii1.jpg,0,2
499,id_6h9bkqx8vk.jpg,0,2
500,id_6hioole4cd.jpg,2,3
501,id_6hp9pg4h4t.jpg,1,4
502,id_6hptsxo93o.jpg,0,4
503,id_6i3fvo4drl.jpg,0,2
504,id_6i81v8vgrx.jpg,0,4
505,id_6itzxgnn04.jpg,0,1
506,id_6j9s1q84bg.jpg,1,3
507,id_6kkinjkwul.jpg,1,3
508,id_6l0f3bk2c4.jpg,2,2
509,id_6l463nqgtp.jpg,0,3
510,id_6lq62bnjx4.jpg,0,2
511,id_6lw17ki6v8.jpg,0,3
512,id_6m3u17e876.jpg,0,0
513,id_6mk8dyfn6u.jpg,1,2
514,id_6njbqde4vy.jpg,1,2
515,id_6nrt7wsljf.jpg,0,1
516,id_6nsjui9bk5.jpg,2,4
517,id_6o0wce4zvx.jpg,2,2
518,id_6qiaehmhmr.jpg,1,1
519,id_6qxdm7keh2.jpg,1,0
520,id_6tdb6lh6s2.jpg,2,0
521,id_6tprdftyo5.jpg,1,1
522,id_6tzpfvl0ix.jpg,0,0
523,id_6v14vafjk9.jpg,2,3
524,id_6w8e9h2r1l.jpg,1,2
525,id_6wd8owka00.jpg,1,3
526,id_6xe0uousb0.jpg,0,4
527,id_6xt2f3sqoy.jpg,2,3
528,id_6y68lfk2hc.jpg,1,1
529,id_6ydsmmpvxb.jpg,1,0
530,id_6yeyhc36o7.jpg,0,0
531,id_6yi1xnsrov.jpg,2,0
532,id_6yjkiybcv8.jpg,0,4
533,id_6ymooh8xnz.jpg,2,3
534,id_6z09yvx4o7.jpg,1,0
535,id_6zhmldydi6.jpg,1,0
536,id_6zw6so1sk4.jpg,2,0
537,id_70ftn35kri.jpg,0,3
538,id_70ml72spl1.jpg,0,3
539,id_71e2rpv5p1.jpg,0,0
540,id_71e41ol0f4.jpg,1,2
541,id_71x1hog95y.jpg,2,3
542,id_728idp0tk8.jpg,0,4
543,id_73objj300h.jpg,0,3
544,id_73u472vjr0.jpg,1,1
545,id_74xsumt2n0.jpg,0,3
546,id_74z21hhs3t.jpg,1,3
547,id_75clzmzb24.jpg,2,0
548,id_75mcst7erq.jpg,0,3
549,id_76rm3ywf1q.jpg,0,4
550,id_77oqujmqpl.jpg,0,4
551,id_780vcduwq1.jpg,2,0
552,id_782rm6ny6z.jpg,0,1
553,id_78o327o6o7.jpg,1,3
554,id_791f5s5eov.jpg,1,1
555,id_791yw7h2us.jpg,0,1
556,id_79alvtmxhx.jpg,0,1
557,id_79ur22z995.jpg,0,3
558,id_7aief6gqiu.jpg,1,0
559,id_7arhx6yxce.jpg,0,1
560,id_7azofo95hm.jpg,0,3
561,id_7bujoyf4vn.jpg,1,3
562,id_7c066dtcew.jpg,0,4
563,id_7c58exff6n.jpg,0,4
564,id_7c9a3ddgkx.jpg,0,4
565,id_7c9pbhx75h.jpg,0,1
566,id_7cjfmim4ux.jpg,0,3
567,id_7cs7ov7wgx.jpg,0,3
568,id_7dkqzspeqc.jpg,0,1
569,id_7e36nq2cfi.jpg,0,2
570,id_7et0011381.jpg,0,3
571,id_7ezrzms2n0.jpg,0,2
572,id_7fn39jubhu.jpg,2,2
573,id_7fzvzd3pu7.jpg,2,2
574,id_7g67fs0mvy.jpg,1,0
575,id_7g9rneow4j.jpg,1,3
576,id_7hapa8i5j1.jpg,0,2
577,id_7hehqnfbnr.jpg,0,4
578,id_7hjx7u5s82.jpg,0,0
579,id_7htii8xgzb.jpg,1,1
580,id_7i27nky9j5.jpg,1,4
581,id_7i6adcwn04.jpg,0,3
582,id_7irb21ufdp.jpg,0,1
583,id_7jo2e172p3.jpg,1,3
584,id_7jrrs4sumj.jpg,0,4
585,id_7k4d0cladx.jpg,0,3
586,id_7lcxpvsbao.jpg,1,2
587,id_7lpyqqnkz1.jpg,0,1
588,id_7m53crany1.jpg,0,1
589,id_7n3trma97d.jpg,2,2
590,id_7neav5xdsn.jpg,0,0
591,id_7p4xzww1ue.jpg,1,0
592,id_7p79owrz3g.jpg,0,4
593,id_7pofni83fb.jpg,1,1
594,id_7qk0xxj6za.jpg,1,2
595,id_7qw4b64tmk.jpg,0,0
596,id_7r0grapb6e.jpg,0,0
597,id_7rwl4ofd85.jpg,1,4
598,id_7tdh63gxl7.jpg,0,4
599,id_7uj12km4y0.jpg,1,0
600,id_7ul46y3hjt.jpg,0,4
601,id_7ulmi3qvmo.jpg,1,1
602,id_7uoty1622q.jpg,0,3
603,id_7uperrn2ck.jpg,0,1
604,id_7wcxsue2i0.jpg,0,1
605,id_7whemls13t.jpg,1,4
606,id_7wu6cy05tw.jpg,1,4
607,id_7x2qy71t9l.jpg,0,4
608,id_7x6jq6go34.jpg,2,0
609,id_7xbfw1bvxy.jpg,0,0
610,id_7xcrpzurtn.jpg,2,3
611,id_7ymbpjn6og.jpg,0,0
612,id_7z350v8grg.jpg,0,3
613,id_7zad83btf6.jpg,0,3
614,id_7zrdu16tma.jpg,2,3
615,id_8045b8b6id.jpg,0,0
616,id_807k552gkl.jpg,1,3
617,id_80kr8dhtgn.jpg,2,2
618,id_80ppw9bmi1.jpg,1,3
619,id_819t39n2yb.jpg,0,3
620,id_81g98s4cix.jpg,1,0
621,id_81gk37y0vv.jpg,0,1
622,id_81pklsg13c.jpg,1,1
623,id_81sz3mqque.jpg,0,4
624,id_824jpip30q.jpg,2,1
625,id_82d8c800gd.jpg,0,4
626,id_834qubo4jv.jpg,0,4
627,id_83nzwqqk11.jpg,0,0
628,id_83zx232e6p.jpg,0,2
629,id_84cjkk3y68.jpg,1,2
630,id_85bod5acri.jpg,0,3
631,id_85pduv95yu.jpg,0,3
632,id_86p8jxiqcb.jpg,1,0
633,id_877rihsmmo.jpg,1,0
634,id_88i7lhq314.jpg,1,1
635,id_88i8gfuhno.jpg,0,0
636,id_88jog2sqol.jpg,1,0
637,id_8blyysd7m8.jpg,0,1
638,id_8bnzqk03m9.jpg,0,0
639,id_8cx17pofl2.jpg,1,3
640,id_8d35yd16m0.jpg,0,4
641,id_8e06ze1wsy.jpg,0,1
642,id_8e58jshdgz.jpg,0,2
643,id_8e7cfqlrpp.jpg,0,1
644,id_8e8s2htd1o.jpg,0,3
645,id_8ef3qgvbmz.jpg,0,1
646,id_8exq0pp4is.jpg,0,0
647,id_8ez6hwcjne.jpg,1,0
648,id_8fmsc0itbo.jpg,1,1
649,id_8g04hz1oxx.jpg,0,3
650,id_8gyruz3go5.jpg,1,0
651,id_8hef7q0cbs.jpg,0,4
652,id_8hqiqaoeju.jpg,0,1
653,id_8iahs2xop3.jpg,0,3
654,id_8is5ujmu2j.jpg,1,0
655,id_8jbgrxw99l.jpg,0,1
656,id_8kykmnavq0.jpg,0,2
657,id_8l058l3eic.jpg,0,0
658,id_8l5eytq87c.jpg,1,3
659,id_8m111e7ctb.jpg,0,4
660,id_8m2z8zsk27.jpg,0,0
661,id_8m43k32rkx.jpg,0,0
662,id_8mnk3rt445.jpg,2,0
663,id_8n22trtv0j.jpg,2,0
664,id_8n5t8xw6w1.jpg,2,3
665,id_8nur5ws0l0.jpg,2,2
666,id_8od8g82djd.jpg,0,1
667,id_8pifmcyfbm.jpg,1,1
668,id_8poabnjoeh.jpg,1,4
669,id_8pwooq0yf9.jpg,0,4
670,id_8q8x4n1j98.jpg,0,2
671,id_8qtqhs0418.jpg,0,3
672,id_8sevnn3gyu.jpg,1,2
673,id_8ti2ku5z7y.jpg,0,2
674,id_8tjz0tb0hu.jpg,0,4
675,id_8u1m5p7i8f.jpg,1,0
676,id_8u73t82ebv.jpg,0,4
677,id_8u78y7oaix.jpg,1,2
678,id_8vhuacm2em.jpg,1,3
679,id_8vhujkyeio.jpg,0,2
680,id_8vsa4hafnx.jpg,2,1
681,id_8vycxhour1.jpg,0,0
682,id_8vyxcwzbrb.jpg,0,1
683,id_8wgld0rfnd.jpg,0,4
684,id_8xap90uvtp.jpg,1,2
685,id_8xk0bvgwug.jpg,0,2
686,id_8y6tnc6arv.jpg,2,2
687,id_8ya9inwe9v.jpg,1,2
688,id_8zglr08fyj.jpg,1,3
689,id_908qdlmp3h.jpg,0,1
690,id_915pqd8eqi.jpg,0,2
691,id_91a69ffmc6.jpg,0,1
692,id_92diq2inzt.jpg,0,3
693,id_92gz997f32.jpg,2,2
694,id_92icwlu1pm.jpg,1,0
695,id_92n6q41c2l.jpg,0,3
696,id_92tdqimj1c.jpg,1,2
697,id_92y3qr1eid.jpg,0,1
698,id_92zeqcuzto.jpg,0,2
699,id_93hro9x34a.jpg,1,3
700,id_93vs444bxa.jpg,2,3
701,id_94fon68m7f.jpg,0,3
702,id_94sw9ihvyv.jpg,1,0
703,id_94v56e4r4j.jpg,0,4
704,id_95cbkbk0sc.jpg,2,3
705,id_969pgd9989.jpg,0,1
706,id_96a2uyuuai.jpg,0,3
707,id_96mylvqby6.jpg,0,2
708,id_96uyidixoo.jpg,0,0
709,id_96yr933ait.jpg,0,2
710,id_98xnewg9zh.jpg,0,1
711,id_990e9bqemw.jpg,2,3
712,id_99fpajtyok.jpg,1,2
713,id_99hluz2q1p.jpg,0,4
714,id_99i5ro0h31.jpg,2,3
715,id_99tl8yb8x9.jpg,2,2
716,id_9acnjrcb8l.jpg,0,2
717,id_9bcl3l5lag.jpg,1,1
718,id_9bugeepdy9.jpg,0,4
719,id_9c1f07fk16.jpg,1,0
720,id_9c3fkhgxts.jpg,0,4
721,id_9c6nlr335g.jpg,2,1
722,id_9c9mnp3csp.jpg,0,2
723,id_9cdn3mem6v.jpg,0,1
724,id_9cnjqc9sqw.jpg,0,2
725,id_9cvkavboyz.jpg,0,1
726,id_9e5pkcqhbr.jpg,0,1
727,id_9e62ilzwok.jpg,1,0
728,id_9frdz8qoup.jpg,1,2
729,id_9ftzl52mr4.jpg,0,0
730,id_9h2z4hbusi.jpg,1,2
731,id_9hcz92nwhi.jpg,1,3
732,id_9hnflctzaq.jpg,1,2
733,id_9hujst8wl6.jpg,0,1
734,id_9hz2iliw74.jpg,1,4
735,id_9hzwambktv.jpg,0,3
736,id_9i2b366g74.jpg,1,4
737,id_9ii6ssm3cv.jpg,0,1
738,id_9iqadf9uen.jpg,0,4
739,id_9k404fovn6.jpg,0,0
740,id_9k8mkhyohl.jpg,0,3
741,id_9kh5jxewab.jpg,0,4
742,id_9lo0q9los4.jpg,1,3
743,id_9lx25lysqe.jpg,0,0
744,id_9m0r0d014q.jpg,1,1
745,id_9mqhlcvx2a.jpg,0,3
746,id_9o61mu1sol.jpg,0,2
747,id_9p1x24i4ds.jpg,0,4
748,id_9p82oihelw.jpg,0,0
749,id_9pl1vuty9t.jpg,1,3
750,id_9qnbmwybg7.jpg,0,2
751,id_9qofsjzy3t.jpg,1,4
752,id_9r5047x6zr.jpg,0,0
753,id_9rpvuisjbe.jpg,0,2
754,id_9rzjmmul8n.jpg,0,3
755,id_9s2vbysy2x.jpg,2,1
756,id_9sg97nfu5t.jpg,2,4
757,id_9syplojzq8.jpg,0,2
758,id_9tha8vhsh9.jpg,1,2
759,id_9tj2jmetar.jpg,0,3
760,id_9tnktuwa1s.jpg,0,1
761,id_9v8hjrxna9.jpg,0,0
762,id_9vsjvf9yf5.jpg,0,4
763,id_9vssx14ucl.jpg,1,2
764,id_9xxmv6tn25.jpg,1,3
765,id_9z5ewyoeca.jpg,1,0
766,id_9zmmjbh2mv.jpg,1,3
767,id_a0k0ryutvv.jpg,0,4
768,id_a2b056zcn2.jpg,1,2
769,id_a2xk6kty3q.jpg,1,0
770,id_a5153qxssj.jpg,2,3
771,id_a5r332a0cl.jpg,0,0
772,id_a5xxevl46w.jpg,0,1
773,id_a64vnrrfpr.jpg,0,0
774,id_a6br804u7x.jpg,0,1
775,id_a6cdnzuc2w.jpg,2,0
776,id_a6uth935vr.jpg,2,3
777,id_a7okwe7r08.jpg,1,3
778,id_a81xuskfcn.jpg,0,2
779,id_a8hpsfzrbm.jpg,0,3
780,id_a8t1f62yb2.jpg,1,3
781,id_a8w9qt8fdr.jpg,0,1
782,id_a961g38gdq.jpg,1,1
783,id_a9h55ui6tn.jpg,0,0
784,id_aa9q8cfii4.jpg,0,2
785,id_aabwxwd5po.jpg,0,3
786,id_ab6vj4fvrn.jpg,0,4
787,id_abbyenzhcf.jpg,2,1
788,id_acikne8ise.jpg,1,3
789,id_acm0us6wi0.jpg,0,0
790,id_aeb0d1xdav.jpg,2,0
791,id_aebhw5i6bk.jpg,0,2
792,id_aef0lp699k.jpg,2,4
793,id_afg2heuciy.jpg,0,0
794,id_ag6g90s7pp.jpg,0,3
795,id_ageczj7nfb.jpg,1,0
796,id_ahkriw6aan.jpg,0,3
797,id_aibtjq64qe.jpg,0,4
798,id_aim5xrsedj.jpg,1,4
799,id_ain77gyii7.jpg,0,4
800,id_aip7fodjxs.jpg,0,4
801,id_aj1h6br9dp.jpg,0,3
802,id_ajezsd5vxm.jpg,2,2
803,id_ajmc9mtzp0.jpg,1,0
804,id_aky5y20d1k.jpg,0,1
805,id_akzsic5cnz.jpg,0,0
806,id_alkjd1pabd.jpg,2,2
807,id_alqauhzj0a.jpg,1,1
808,id_an41qctffg.jpg,0,2
809,id_an4rbx2ree.jpg,0,1
810,id_anvayhbbhe.jpg,1,4
811,id_anyvfxengj.jpg,1,4
812,id_aoedbxdoyh.jpg,1,1
813,id_aoggu718n8.jpg,1,3
814,id_aorfnfpulv.jpg,0,2
815,id_aowaqrj9a5.jpg,0,1
816,id_ap3arcz78t.jpg,1,1
817,id_ap5lnd19am.jpg,0,1
818,id_apiersexes.jpg,1,4
819,id_arvcm98d9i.jpg,1,1
820,id_asjqsqria3.jpg,0,0
821,id_ass4pi0fmn.jpg,1,4
822,id_atrmbxcfjw.jpg,0,0
823,id_avg6vlhang.jpg,1,0
824,id_awdvryz88c.jpg,0,2
825,id_ax9fc2weo5.jpg,0,0
826,id_axr5briksx.jpg,1,4
827,id_axxcexpq0i.jpg,0,0
828,id_aye8tos445.jpg,2,0
829,id_azu08jvujz.jpg,0,2
830,id_b0t7pwaf51.jpg,0,0
831,id_b1isze2uye.jpg,0,3
832,id_b1zji9x62s.jpg,1,3
833,id_b2nazm9lbk.jpg,1,2
834,id_b2tkmhuh8v.jpg,0,2
835,id_b3v79pby9b.jpg,0,3
836,id_b49jt76e5g.jpg,1,3
837,id_b5a32dspfy.jpg,0,1
838,id_b5olrt6kew.jpg,1,2
839,id_b5q2l5sw0u.jpg,0,3
840,id_b6qy4k93g1.jpg,2,2
841,id_b73x6wlak1.jpg,0,0
842,id_b8ni0vw2fl.jpg,0,1
843,id_b925xhw42v.jpg,0,1
844,id_b9yf6drzz7.jpg,0,1
845,id_badofvvf4k.jpg,1,0
846,id_baetnr9iz0.jpg,0,2
847,id_baxvpq4igs.jpg,2,1
848,id_bb947o9bla.jpg,0,4
849,id_bbcnns13ll.jpg,2,4
850,id_bcb3gpttsa.jpg,1,1
851,id_bcm40akwva.jpg,2,3
852,id_bdbk54hulb.jpg,1,3
853,id_bdbokpw9w3.jpg,2,0
854,id_bdce022yfp.jpg,2,0
855,id_bdmkyevj3z.jpg,0,2
856,id_be17gwtge1.jpg,1,2
857,id_be5fqacsu3.jpg,1,0
858,id_bef2a91nwl.jpg,0,0
859,id_begmfyrjwn.jpg,0,4
860,id_bh8sr2ghwp.jpg,2,4
861,id_bhs4w60lkc.jpg,0,1
862,id_bhtpzg75z9.jpg,2,4
863,id_biyndehp9y.jpg,1,3
864,id_bj33ina620.jpg,0,2
865,id_bk1e5cgfac.jpg,1,3
866,id_bkflf8qz40.jpg,0,1
867,id_bkkwvk81ec.jpg,0,3
868,id_bkm6j5dbem.jpg,0,2
869,id_bln7xjixan.jpg,0,2
870,id_bm7f6hvn2q.jpg,2,0
871,id_bmf0hoinf9.jpg,0,2
872,id_bmm4cg4e9r.jpg,2,2
873,id_bmnepnkyg0.jpg,0,0
874,id_bn013095u9.jpg,1,2
875,id_bn6ycmoeir.jpg,1,4
876,id_bng29iksrj.jpg,0,3
877,id_bnoco5oo5i.jpg,1,3
878,id_bp787svnkw.jpg,0,4
879,id_bqnqmbwsgb.jpg,0,1
880,id_bqz6vou35p.jpg,0,1
881,id_br8cpj944r.jpg,0,2
882,id_braqtp8awa.jpg,1,0
883,id_brph65yr47.jpg,1,2
884,id_brrs1bidg3.jpg,0,4
885,id_bs7hv1sv4s.jpg,0,4
886,id_bub0m935mo.jpg,2,2
887,id_bupni4x2cw.jpg,1,0
888,id_bvar8yr6mr.jpg,0,1
889,id_bwv2b8sn5j.jpg,0,3
890,id_bxbpaldvqx.jpg,0,3
891,id_bxlz60wau7.jpg,0,0
892,id_byn8asu6oo.jpg,0,4
893,id_bytbonl945.jpg,0,3
894,id_byu00yd4x0.jpg,2,2
895,id_bz955klhly.jpg,1,3
896,id_bzup9ghpls.jpg,0,1
897,id_c0osiexpro.jpg,2,4
898,id_c0zbu4hjch.jpg,2,4
899,id_c17racucev.jpg,1,0
900,id_c1hgsy7q5g.jpg,1,3
901,id_c35zdw8zqw.jpg,0,1
902,id_c55k47v1m8.jpg,0,3
903,id_c67jlekma7.jpg,0,0
904,id_c6cpq0d9r1.jpg,0,3
905,id_c6gap47u37.jpg,0,4
906,id_c6lx0rb8gu.jpg,0,4
907,id_c6nt9pe5j4.jpg,0,1
908,id_c6obyini2b.jpg,1,0
909,id_c7r94o0ac7.jpg,0,1
910,id_c8sl86v71p.jpg,2,1
911,id_c8zzji9xf7.jpg,0,2
912,id_cai4ccm9qm.jpg,2,0
913,id_cawcl2dlbx.jpg,0,1
914,id_cb2ltrvv0p.jpg,0,4
915,id_cbeetofpky.jpg,2,4
916,id_ccj6y2yih0.jpg,0,3
917,id_cck8kdc9q1.jpg,0,0
918,id_cd3d3qlxa6.jpg,0,2
919,id_cdvct2xqlk.jpg,2,3
920,id_cdxfmdx6o2.jpg,0,4
921,id_ceey7ao2bq.jpg,2,1
922,id_cf2axas94n.jpg,0,3
923,id_cf8poc7323.jpg,1,3
924,id_cfpoejn15c.jpg,2,0
925,id_cfz0tbjaec.jpg,0,1
926,id_cg8j9szr2h.jpg,2,2
927,id_cgffhn26wk.jpg,0,0
928,id_cgvqmrln8a.jpg,1,1
929,id_chcd70mk60.jpg,2,0
930,id_cijgtxz8ls.jpg,0,1
931,id_ciuxu816yq.jpg,0,4
932,id_cj0cniq6kv.jpg,1,1
933,id_cj2kptjdx6.jpg,0,2
934,id_cj9692j5eu.jpg,0,4
935,id_ck08tvumow.jpg,0,4
936,id_ck3zp1hit1.jpg,0,1
937,id_ck7mt3dves.jpg,1,4
938,id_ckxd773yo1.jpg,0,2
939,id_cl5azzprv5.jpg,0,3
940,id_clja3vh3v0.jpg,2,3
941,id_clpvj40l30.jpg,0,2
942,id_clzvmves1m.jpg,0,4
943,id_cmoheq1knk.jpg,0,0
944,id_cmuuyaijcd.jpg,0,4
945,id_cn065yef63.jpg,0,2
946,id_cnanswvakd.jpg,1,4
947,id_cnk0fzcmyn.jpg,1,1
948,id_cnrsapsn4r.jpg,0,0
949,id_coht5f4x3d.jpg,0,3
950,id_coq4xu2pru.jpg,0,3
951,id_corc95j6ak.jpg,1,2
952,id_cowrg71851.jpg,0,2
953,id_cpcwavjx0l.jpg,2,0
954,id_cqr3pb7ocb.jpg,0,2
955,id_crfk3deyz9.jpg,0,4
956,id_crt17dn5d2.jpg,0,2
957,id_cs8lt3m2d0.jpg,0,3
958,id_csbdrwm7ri.jpg,0,0
959,id_cswilsnofv.jpg,1,3
960,id_ct0u0l7w6n.jpg,0,4
961,id_ctwb7egudi.jpg,2,3
962,id_cufdvyzu75.jpg,1,0
963,id_cuv9ku4aj4.jpg,0,1
964,id_cvv1wss3js.jpg,1,4
965,id_cwb4ghxf3i.jpg,1,3
966,id_cwg278voe2.jpg,1,4
967,id_cwl6dsqxg0.jpg,1,0
968,id_cwuczu6am2.jpg,1,0
969,id_cxbmatvbr7.jpg,0,1
970,id_cxeq92dvxe.jpg,0,3
971,id_cxetjns2em.jpg,0,4
972,id_cz3jnoimvm.jpg,0,3
973,id_czwvusyq8p.jpg,1,0
974,id_d01w1xhzhr.jpg,2,2
975,id_d1hcdqjbsr.jpg,1,3
976,id_d25mmodit3.jpg,0,3
977,id_d29h6vcldo.jpg,1,3
978,id_d3h3nh8ylk.jpg,1,4
979,id_d3ox216edi.jpg,0,1
980,id_d4mcjf9fjf.jpg,0,1
981,id_d58uc11kvr.jpg,2,0
982,id_d62kxdxvuj.jpg,0,1
983,id_d6ao8udto1.jpg,1,0
984,id_d6zw9z8863.jpg,0,4
985,id_d734ocmlbw.jpg,1,1
986,id_d7wx1rle72.jpg,0,4
987,id_d86pc3kq3j.jpg,1,0
988,id_d8c1o4c8be.jpg,0,2
989,id_d92xjxoigx.jpg,0,4
990,id_d9lk3ojg11.jpg,1,0
991,id_da1elth9d5.jpg,2,1
992,id_da38ky3rpm.jpg,2,4
993,id_dai74tcu6h.jpg,2,4
994,id_dansf0bk1y.jpg,1,2
995,id_dbliz6hmfi.jpg,0,2
996,id_dbnmau0dvr.jpg,0,1
997,id_dcyr2jkjj6.jpg,0,1
998,id_ddbq0y25s0.jpg,1,4
999,id_df5rz9215o.jpg,0,3
1000,id_dfiek5snzm.jpg,0,3
1001,id_dg1w50otsz.jpg,1,1
1002,id_dg6nhxx0en.jpg,0,0
1003,id_dgkvpicfmb.jpg,0,0
1004,id_dibgap2msg.jpg,1,2
1005,id_dixangtncc.jpg,0,0
1006,id_diy4srfq49.jpg,0,2
1007,id_djqlwx4i0w.jpg,0,2
1008,id_djrn5nbydt.jpg,0,3
1009,id_djyr511dn3.jpg,0,0
1010,id_dl507q98b4.jpg,0,1
1011,id_dlfqeqwoz7.jpg,0,4
1012,id_dlnab6a4c0.jpg,1,1
1013,id_dm0q0zf0hf.jpg,0,3
1014,id_dng9xzoo8c.jpg,2,1
1015,id_dnwew9og8n.jpg,0,2
1016,id_dnzd03e8md.jpg,0,1
1017,id_do6ebdavku.jpg,0,0
1018,id_dpn2bbqu3q.jpg,1,1
1019,id_dppj7na133.jpg,0,4
1020,id_dpwzfrmfla.jpg,2,0
1021,id_dq4zwzfl9p.jpg,0,2
1022,id_dq9jwsa17d.jpg,1,3
1023,id_dqmd0frj5p.jpg,1,3
1024,id_dt1ssxmq0i.jpg,1,0
1025,id_dttw8cgvel.jpg,0,0
1026,id_dtxgmdov3v.jpg,2,1
1027,id_dvc8u2ljdu.jpg,1,4
1028,id_dvirq2t8zp.jpg,0,1
1029,id_dvj2i8dyue.jpg,0,1
1030,id_dvyr5r7iv6.jpg,0,1
1031,id_dws2z5grzy.jpg,0,1
1032,id_dxp9gu31mj.jpg,1,4
1033,id_dxz8llcz41.jpg,0,3
1034,id_dy229nomfh.jpg,1,0
1035,id_dy2rdm7hks.jpg,1,3
1036,id_dy6b34zfha.jpg,2,1
1037,id_dy6uxaupzm.jpg,0,4
1038,id_dzfmo7okkv.jpg,2,3
1039,id_dzjdgsvti7.jpg,0,2
1040,id_dzjyrk44fv.jpg,0,4
1041,id_e0grd1jf78.jpg,0,3
1042,id_e0nm5f6w5s.jpg,0,4
1043,id_e0o0betvmq.jpg,0,1
1044,id_e0vyo636en.jpg,0,1
1045,id_e1zhxzz57v.jpg,1,1
1046,id_e2degtdheg.jpg,0,2
1047,id_e2hfhgu1fx.jpg,2,3
1048,id_e3a2cc34wv.jpg,0,0
1049,id_e5841lj99r.jpg,1,2
1050,id_e58o05stxb.jpg,0,2
1051,id_e5ouv53xjh.jpg,0,1
1052,id_e5yrcxog7w.jpg,0,1
1053,id_e6g06ljtvo.jpg,0,0
1054,id_e6g0lg1dkf.jpg,0,3
1055,id_e73u19f528.jpg,0,1
1056,id_e74xcjkfoo.jpg,1,3
1057,id_e8aumgnmzr.jpg,2,4
1058,id_e8tmtp83rw.jpg,2,1
1059,id_e9ne73wh9y.jpg,1,2
1060,id_e9phhzzkjn.jpg,1,0
1061,id_e9unacqi32.jpg,0,2
1062,id_eais3vt8kh.jpg,2,1
1063,id_eakyx4t62w.jpg,2,2
1064,id_ec3bbgbajo.jpg,2,0
1065,id_echyz1on6x.jpg,0,0
1066,id_ecvj7qr7zp.jpg,0,1
1067,id_ed2bnjciko.jpg,2,4
1068,id_edh6bbs7mq.jpg,0,0
1069,id_edj57v6oba.jpg,0,0
1070,id_edkp2o2yb7.jpg,1,1
1071,id_edswstwp53.jpg,2,1
1072,id_eeepsnfstw.jpg,0,2
1073,id_efi1b7c7mi.jpg,1,1
1074,id_egbv7wusem.jpg,0,4
1075,id_egeejqmrrm.jpg,1,1
1076,id_egjpiuirdr.jpg,0,2
1077,id_eh0wiew1ll.jpg,2,0
1078,id_eh57bni16h.jpg,0,3
1079,id_eisa0j37bh.jpg,0,4
1080,id_ej8nzy74ph.jpg,0,1
1081,id_ejoxnm4ldx.jpg,2,4
1082,id_eksydcihho.jpg,0,4
1083,id_el8sk5sno2.jpg,0,2
1084,id_el9lv63hkl.jpg,2,4
1085,id_elaw9wuzlx.jpg,1,3
1086,id_emuegtbf62.jpg,0,4
1087,id_enit3bpqsd.jpg,0,1
1088,id_enk2wrtf6e.jpg,0,1
1089,id_eoaoqrcmt2.jpg,0,1
1090,id_eod1rxo7kt.jpg,1,4
1091,id_eohrxc15nl.jpg,0,1
1092,id_epg0mhn8k0.jpg,2,1
1093,id_epn3kdoyws.jpg,2,1
1094,id_epy73357s2.jpg,0,2
1095,id_eq2dynzapx.jpg,1,1
1096,id_eq6rq3lxar.jpg,0,3
1097,id_er0il8ybn7.jpg,0,1
1098,id_erqu30av6a.jpg,0,1
1099,id_ertw9u2pou.jpg,2,1
1100,id_es5flma69j.jpg,0,1
1101,id_es9egfkdwv.jpg,0,2
1102,id_esuvw5weuz.jpg,1,2
1103,id_eszrmq679i.jpg,2,0
1104,id_eu1tyvw6dn.jpg,1,4
1105,id_eujhencwgu.jpg,0,2
1106,id_eumixzoqz2.jpg,0,4
1107,id_euzlag4tge.jpg,0,2
1108,id_ev2npdlw09.jpg,0,0
1109,id_evmuairbtx.jpg,0,4
1110,id_ewcbmgzufv.jpg,1,1
1111,id_ewevtooscw.jpg,0,3
1112,id_ewmt3dkh3k.jpg,0,3
1113,id_exaim5numk.jpg,0,4
1114,id_exqdwompsl.jpg,0,0
1115,id_exvnfv4ugx.jpg,2,4
1116,id_exzabvss9s.jpg,0,1
1117,id_eypjnso08u.jpg,0,1
1118,id_eyth7gmtgj.jpg,1,0
1119,id_eyxgh25aok.jpg,2,1
1120,id_eyyfj1wn2b.jpg,0,3
1121,id_ezrd2bru3u.jpg,1,1
1122,id_ezw6en1dka.jpg,0,0
1123,id_f00jousdpq.jpg,0,4
1124,id_f18db1x189.jpg,1,3
1125,id_f1clmckrkw.jpg,0,2
1126,id_f2vderva98.jpg,0,1
1127,id_f39a4xe7g4.jpg,0,2
1128,id_f3viq6qaxo.jpg,0,3
1129,id_f3y0x50b9g.jpg,1,4
1130,id_f47pxj5le7.jpg,1,3
1131,id_f4brlbslie.jpg,0,0
1132,id_f4grwnjlnu.jpg,0,4
1133,id_f4n09qebi1.jpg,0,4
1134,id_f5kqwel4ly.jpg,2,4
1135,id_f5m95w52vj.jpg,0,3
1136,id_f5wijbv5ec.jpg,0,3
1137,id_f5xqc7zvrv.jpg,2,3
1138,id_f6pnooecmw.jpg,0,4
1139,id_f6zkky8owc.jpg,0,2
1140,id_f70gkocxjx.jpg,0,3
1141,id_f7azrcibj6.jpg,0,4
1142,id_f7bhq6f9c8.jpg,0,3
1143,id_f8it2fm4qd.jpg,1,1
1144,id_f9s9z3mdwt.jpg,0,0
1145,id_fa9vaqlbde.jpg,1,2
1146,id_farlvhfl8u.jpg,2,0
1147,id_fb94q9d4gf.jpg,2,2
1148,id_fboapsy2yl.jpg,2,4
1149,id_fbquf92zxs.jpg,0,3
1150,id_fc51uu07j6.jpg,0,1
1151,id_fc6r1ygvn6.jpg,2,1
1152,id_fccutllppp.jpg,1,3
1153,id_fchj1k7p26.jpg,0,2
1154,id_fd2sc788al.jpg,0,0
1155,id_fdaxp0396v.jpg,1,3
1156,id_fdcqq6jz0k.jpg,1,1
1157,id_fds8bkv5gt.jpg,0,0
1158,id_fdy5gfbixa.jpg,0,1
1159,id_feauj3c9h3.jpg,1,1
1160,id_felyym8zzx.jpg,1,2
1161,id_ff2ckz0ewt.jpg,0,4
1162,id_ff31wlcjvo.jpg,2,3
1163,id_fg316bl5yd.jpg,0,3
1164,id_fh1bz15tyo.jpg,1,3
1165,id_fh6cnhry2w.jpg,0,4
1166,id_fhyjy187lw.jpg,0,0
1167,id_fi2hvuy4d7.jpg,1,1
1168,id_fi3arcx57h.jpg,0,2
1169,id_fipm3u3s33.jpg,0,0
1170,id_fj79pzaioe.jpg,2,3
1171,id_fjn9ptw82w.jpg,0,3
1172,id_fjyhbkfyxx.jpg,0,2
1173,id_fk7wz94g2l.jpg,0,3
1174,id_fkaeathc3f.jpg,0,2
1175,id_fkgq69pudm.jpg,0,2
1176,id_fko1p9vunm.jpg,2,0
1177,id_fkvsbfto2d.jpg,0,2
1178,id_fljynw94x8.jpg,0,2
1179,id_fmj78s52kp.jpg,1,1
1180,id_fnhqy3ul0k.jpg,1,3
1181,id_fnzwnsifzk.jpg,0,2
1182,id_fpgyo34q64.jpg,0,0
1183,id_fpxy2pv60r.jpg,0,0
1184,id_fqbb0jpnva.jpg,1,3
1185,id_fqvlqicmx5.jpg,0,1
1186,id_frbwy8ok59.jpg,2,2
1187,id_friyu1wku1.jpg,0,1
1188,id_frqn320q2c.jpg,0,0
1189,id_frsa3pdlrm.jpg,1,2
1190,id_fs8nq6w7vp.jpg,0,0
1191,id_fsqsm2shvk.jpg,1,4
1192,id_ft038r5r6u.jpg,0,1
1193,id_ft4a8j31d6.jpg,1,2
1194,id_ftekeiccbp.jpg,2,1
1195,id_ftj7uyyahg.jpg,0,0
1196,id_fufs2wqyy3.jpg,1,2
1197,id_fv0gtvfm2d.jpg,1,4
1198,id_fw8io9xear.jpg,2,4
1199,id_fwgjfgdl3l.jpg,1,3
1200,id_fwjmvxf7sb.jpg,1,2
1201,id_fwjrr5008a.jpg,2,4
1202,id_fwmz6n15eg.jpg,1,3
1203,id_fy132fn5gk.jpg,0,4
1204,id_fy46i8fp6e.jpg,1,0
1205,id_fy6jeo7zlx.jpg,1,3
1206,id_fycwsvhkxt.jpg,1,1
1207,id_fyx4sjjmqo.jpg,1,3
1208,id_fyyzgq4t2p.jpg,0,0
1209,id_fyzxyu58wo.jpg,1,0
1210,id_g06e67yfcs.jpg,1,4
1211,id_g0m3edrhhv.jpg,2,1
1212,id_g11ct6p1s6.jpg,0,0
1213,id_g20nvern2v.jpg,0,2
1214,id_g244xzkufl.jpg,0,2
1215,id_g2l7ctv7ra.jpg,0,0
1216,id_g2rb0scb99.jpg,0,2
1217,id_g2rfrwqn8k.jpg,2,4
1218,id_g2zbq6d28w.jpg,1,2
1219,id_g320r2zelt.jpg,1,1
1220,id_g3bxi81uiw.jpg,0,2
1221,id_g3r2pzeb82.jpg,0,0
1222,id_g3syg5hyhn.jpg,0,4
1223,id_g3vmv391qw.jpg,0,1
1224,id_g43xeub47r.jpg,2,1
1225,id_g4gwkh5wmi.jpg,2,2
1226,id_g4oqixyr0m.jpg,0,3
1227,id_g4zl1awhir.jpg,2,4
1228,id_g5c2qg65f7.jpg,1,1
1229,id_g5fd7ra5nb.jpg,1,1
1230,id_g5z5ziiirs.jpg,0,2
1231,id_g76c4j8in1.jpg,0,2
1232,id_g8e1s78rbn.jpg,2,1
1233,id_gav459xxxf.jpg,1,0
1234,id_gb52l96odn.jpg,2,3
1235,id_gbcyqz5mv6.jpg,0,2
1236,id_gbyv9hg5ud.jpg,2,4
1237,id_gcmj287da8.jpg,0,1
1238,id_gdhtgdwnwb.jpg,0,3
1239,id_gdzq0mq2v8.jpg,1,0
1240,id_ge0naruvye.jpg,0,2
1241,id_gf55dhdr0h.jpg,0,1
1242,id_gfd9aevwqw.jpg,0,2
1243,id_gfinzeoy51.jpg,1,1
1244,id_gg54lzku6w.jpg,0,4
1245,id_ggkfxat585.jpg,2,3
1246,id_ghm0orwvte.jpg,0,4
1247,id_ghncwulf78.jpg,1,3
1248,id_ghy6kdot2a.jpg,0,3
1249,id_ghz2akxmup.jpg,0,0
1250,id_gi10v4197b.jpg,0,4
1251,id_gi2wq5487p.jpg,0,0
1252,id_gji94wbl1o.jpg,0,2
1253,id_gkkudfcuoz.jpg,2,1
1254,id_gl0u1ila3b.jpg,2,2
1255,id_gloih94bg0.jpg,2,1
1256,id_gnkpg1rsig.jpg,0,2
1257,id_gnkxz609pw.jpg,0,0
1258,id_go188iml0i.jpg,1,2
1259,id_gopnqgztdl.jpg,1,0
1260,id_gp7qwbrayd.jpg,1,1
1261,id_gpf7bt9lor.jpg,1,4
1262,id_gpptqeo668.jpg,0,0
1263,id_gqaajhp2a8.jpg,0,2
1264,id_gqm94e8r0r.jpg,0,1
1265,id_gr3kawncqd.jpg,0,1
1266,id_gr8hjyp49i.jpg,1,1
1267,id_gr9qt0itps.jpg,0,4
1268,id_grhlva2gbo.jpg,0,4
1269,id_gsf9x2riyl.jpg,0,0
1270,id_gso6ahxktf.jpg,0,3
1271,id_gth5euex1t.jpg,2,2
1272,id_gvhkjerysp.jpg,2,3
1273,id_gvl65b22av.jpg,0,0
1274,id_gwg1kes95j.jpg,0,0
1275,id_gwssqlmtir.jpg,2,4
1276,id_gxko9n73ni.jpg,0,3
1277,id_gxmcg0vohj.jpg,0,0
1278,id_gy1imvx6rh.jpg,1,4
1279,id_gy6y918xzw.jpg,0,2
1280,id_gy7oqjab3b.jpg,0,0
1281,id_gyfpd9go3a.jpg,0,1
1282,id_gz3edfz0ah.jpg,0,3
1283,id_gzg9j24fpd.jpg,0,2
1284,id_gzz28s7k08.jpg,0,3
1285,id_h0g1nd4v4k.jpg,0,4
1286,id_h0ia9snel8.jpg,0,0
1287,id_h0opx6fesf.jpg,0,0
1288,id_h18phckqhq.jpg,1,4
1289,id_h1oufuz0wd.jpg,1,3
1290,id_h1ul5yp2e1.jpg,0,3
1291,id_h2dr9nymck.jpg,1,2
1292,id_h2hj8m5wwu.jpg,0,0
1293,id_h2ippz7xiq.jpg,0,4
1294,id_h2te1c1j8u.jpg,0,0
1295,id_h4l7otzhuc.jpg,1,2
1296,id_h51zys9rcm.jpg,0,1
1297,id_h6c20jimme.jpg,1,1
1298,id_h7uxylua90.jpg,0,3
1299,id_han682l65j.jpg,1,3
1300,id_hb334e567k.jpg,0,1
1301,id_hb4g5wq5h3.jpg,0,0
1302,id_hbxvg0rrdk.jpg,0,0
1303,id_hby112x30r.jpg,1,0
1304,id_hc08coyrps.jpg,2,3
1305,id_hcfktqrvtu.jpg,0,1
1306,id_hcknclw1io.jpg,1,4
1307,id_heszk4wzl8.jpg,0,1
1308,id_hfhui26d9c.jpg,0,3
1309,id_hfu6xzicgi.jpg,0,1
1310,id_hfvjhgsvb7.jpg,0,0
1311,id_hg4e8qk80d.jpg,1,0
1312,id_hgart135r3.jpg,0,4
1313,id_hgdceqq8fe.jpg,1,4
1314,id_hgex4fed4d.jpg,0,3
1315,id_hji1uw6j9u.jpg,0,3
1316,id_hjk36i8sf9.jpg,0,0
1317,id_hjygmpjfya.jpg,2,0
1318,id_hk1goxc1rw.jpg,0,1
1319,id_hkd1ca6pnl.jpg,0,0
1320,id_hluqcd8aha.jpg,0,4
1321,id_hn6300devx.jpg,0,2
1322,id_hne8akwi73.jpg,2,2
1323,id_hnrhw2mum6.jpg,1,0
1324,id_ho88tp1sql.jpg,0,4
1325,id_hofl2b7rm5.jpg,0,1
1326,id_hpr9otl2m0.jpg,2,3
1327,id_hpwvpytkh2.jpg,1,1
1328,id_hr1gvkd0yp.jpg,0,4
1329,id_hrgmxk0f8h.jpg,0,4
1330,id_hrrd17wo5c.jpg,0,2
1331,id_hsauptetuu.jpg,0,1
1332,id_ht9d1ckcct.jpg,0,0
1333,id_htb4zyuuqo.jpg,0,4
1334,id_htg5vbraix.jpg,0,0
1335,id_hu4v1w149e.jpg,2,2
1336,id_hu8i2gdl7s.jpg,0,1
1337,id_hucd07ynv7.jpg,0,0
1338,id_hujktg6ajj.jpg,0,4
1339,id_hvztaeci31.jpg,1,3
1340,id_hw5z0exvl3.jpg,2,2
1341,id_hwhyqwyx15.jpg,0,2
1342,id_hwpkui5xpi.jpg,2,2
1343,id_hxlv5dbqr3.jpg,0,0
1344,id_hxozd0rykn.jpg,1,3
1345,id_hxsg65x4dd.jpg,0,3
1346,id_hy7u1zf3qa.jpg,1,1
1347,id_hye2cvmu0o.jpg,1,4
1348,id_hys5uf2fd2.jpg,0,3
1349,id_hzcs3n1v9o.jpg,0,0
1350,id_hzufr5ozm7.jpg,1,1
1351,id_i02bor4dfd.jpg,2,3
1352,id_i082617ncs.jpg,0,0
1353,id_i089t3u76c.jpg,1,3
1354,id_i19manzyny.jpg,0,2
1355,id_i22yzaqasd.jpg,0,0
1356,id_i309jj0lz9.jpg,0,3
1357,id_i3h93l1t4u.jpg,2,0
1358,id_i5vodpm62a.jpg,0,1
1359,id_i6ns92qwxf.jpg,0,1
1360,id_i6tfh392gq.jpg,0,2
1361,id_i6x683j16r.jpg,0,4
1362,id_i7z92hzatr.jpg,0,3
1363,id_i8b57exyxc.jpg,0,2
1364,id_i8hzucizks.jpg,1,2
1365,id_i8tbqyq6ld.jpg,1,0
1366,id_i9bu23hg4i.jpg,0,3
1367,id_iaa9udo76f.jpg,1,4
1368,id_ibbulh6gr9.jpg,2,2
1369,id_ibk5dhi6i1.jpg,0,0
1370,id_ibnuq92i17.jpg,2,3
1371,id_ibuwbajiml.jpg,0,0
1372,id_ic8o0u2d19.jpg,1,2
1373,id_icjw1lihy8.jpg,0,2
1374,id_id1nllnyz3.jpg,2,1
1375,id_idhdraa2gp.jpg,1,4
1376,id_ifb2pkyq37.jpg,2,1
1377,id_ifk29a4w5q.jpg,1,4
1378,id_ifp2bqdspd.jpg,0,0
1379,id_ifw9lyq4ae.jpg,0,1
1380,id_ig9lir5fw4.jpg,0,3
1381,id_igbbxgkjtb.jpg,0,2
1382,id_igtm81crrg.jpg,0,3
1383,id_ih7yl40yjn.jpg,0,3
1384,id_ih8pt2tf1t.jpg,2,3
1385,id_ijed267eqx.jpg,2,1
1386,id_ijyw40xoyf.jpg,0,1
1387,id_ikg6lmtn3g.jpg,1,2
1388,id_il9ivuufd3.jpg,0,2
1389,id_ilirl780ud.jpg,0,2
1390,id_im7bv1g33j.jpg,1,4
1391,id_imgi3s5h3z.jpg,1,4
1392,id_imwp5q4alq.jpg,0,2
1393,id_in8t6ws6o9.jpg,0,4
1394,id_ino2jpa6un.jpg,0,3
1395,id_io6u9r7755.jpg,0,1
1396,id_iowapm3bhi.jpg,0,4
1397,id_ip9ro49ouo.jpg,0,3
1398,id_iphbvjne36.jpg,0,4
1399,id_ipl1ox5m1w.jpg,0,0
1400,id_ir1ewuecht.jpg,2,4
1401,id_iradxxvy4t.jpg,0,2
1402,id_ire2adis1b.jpg,1,1
1403,id_irtjnnkqbd.jpg,1,2
1404,id_is2pkl6dcm.jpg,1,3
1405,id_isf1yierhx.jpg,0,3
1406,id_iti9hmlpla.jpg,0,2
1407,id_iugifl97f9.jpg,1,4
1408,id_iuqrsmw0d0.jpg,1,4
1409,id_ivjid4nk7f.jpg,2,2
1410,id_iw6h6mlgrx.jpg,0,3
1411,id_iwb4wcecph.jpg,2,2
1412,id_iwkti5qfqa.jpg,1,3
1413,id_ixiid7gm6r.jpg,1,0
1414,id_ixpdn797ru.jpg,0,3
1415,id_iys2ae4vpo.jpg,0,0
1416,id_iyuf38k416.jpg,0,0
1417,id_iz6a9sh80d.jpg,0,2
1418,id_izm6f3kbmc.jpg,0,3
1419,id_j0ltg7p6uy.jpg,1,2
1420,id_j0lyotpr8n.jpg,0,0
1421,id_j27fnp5bz0.jpg,1,2
1422,id_j28zodgklq.jpg,0,0
1423,id_j2vgqab793.jpg,1,2
1424,id_j2zzyabvj9.jpg,0,0
1425,id_j3gurcmiiy.jpg,2,2
1426,id_j3ow0ymckq.jpg,0,4
1427,id_j3swinlswf.jpg,1,3
1428,id_j4im0g77rj.jpg,1,2
1429,id_j4nrheieam.jpg,1,3
1430,id_j5fa489qc5.jpg,0,1
1431,id_j5lv18cfzj.jpg,0,4
1432,id_j6fe3mduk7.jpg,1,1
1433,id_j6wqidlzea.jpg,0,0
1434,id_j7ntwzpguy.jpg,2,2
1435,id_j8jmt3prpm.jpg,0,4
1436,id_j9bs3ji9rr.jpg,0,0
1437,id_jbdj0gt3n7.jpg,1,3
1438,id_jbiihta4zp.jpg,1,1
1439,id_jc9wxtbfh5.jpg,2,0
1440,id_jcfm3k4t2d.jpg,0,4
1441,id_jcgb7x4dkp.jpg,1,0
1442,id_jdghqkz78z.jpg,1,0
1443,id_jdumbrp74n.jpg,0,3
1444,id_jdutu545sp.jpg,1,1
1445,id_je34wsyo6v.jpg,2,4
1446,id_jer5egbc5h.jpg,0,0
1447,id_jhlx61lg6d.jpg,0,1
1448,id_jhr2xykiao.jpg,0,2
1449,id_jhvsipfh40.jpg,1,2
1450,id_ji7zzl57br.jpg,1,3
1451,id_jixv1mgep5.jpg,0,0
1452,id_jj52hty11v.jpg,0,1
1453,id_jkc3y2gofe.jpg,0,1
1454,id_jksk1xx1dp.jpg,0,3
1455,id_jlaxn4oj2p.jpg,2,2
1456,id_jliyob7u0o.jpg,1,2
1457,id_jlrbh3j11b.jpg,0,4
1458,id_jml7rl1ppd.jpg,2,0
1459,id_jms7v4eshh.jpg,2,2
1460,id_jn29sq5u2r.jpg,1,3
1461,id_jn2y7a382r.jpg,0,1
1462,id_jnul9l352g.jpg,2,3
1463,id_jnulkiom59.jpg,0,4
1464,id_jnxv9jimu1.jpg,1,4
1465,id_jo0rzddfg8.jpg,0,4
1466,id_jo2jq91cel.jpg,0,1
1467,id_jo7mbo98db.jpg,1,0
1468,id_joacwfuh42.jpg,1,1
1469,id_job4747ug4.jpg,0,2
1470,id_jodrp65l8e.jpg,1,3
1471,id_joinlebqmb.jpg,2,0
1472,id_jox53r2imf.jpg,0,4
1473,id_jp1hv399y7.jpg,1,1
1474,id_jpg0exdf9q.jpg,0,0
1475,id_jpt8eceigi.jpg,2,0
1476,id_jpvr1qxqi6.jpg,0,1
1477,id_jpzj0i5urx.jpg,0,3
1478,id_jq4s8tnrxn.jpg,0,2
1479,id_jqdb2v5pwd.jpg,0,4
1480,id_jrgiwsyre4.jpg,0,2
1481,id_jrvoiayhzq.jpg,0,1
1482,id_jsdvlsrb5m.jpg,0,0
1483,id_jshiv0eec5.jpg,0,4
1484,id_jsillu0lls.jpg,0,2
1485,id_ju8clcei27.jpg,0,3
1486,id_jurgr157f3.jpg,0,4
1487,id_jv56oxj5ac.jpg,0,2
1488,id_jwwzzkq2vt.jpg,0,3
1489,id_jwyx49qrvn.jpg,0,4
1490,id_jx3hc93eil.jpg,1,0
1491,id_jy0g9jz7q2.jpg,0,0
1492,id_jy0wlkv3pq.jpg,2,3
1493,id_jyjcsk5vol.jpg,1,1
1494,id_jyk568eend.jpg,0,4
1495,id_jyqos91oy2.jpg,0,2
1496,id_jz1i1q002b.jpg,1,1
1497,id_jzo538r91p.jpg,0,3
1498,id_k0ko8ajd39.jpg,1,2
1499,id_k1svly84vj.jpg,0,1
1500,id_k1ycpewbid.jpg,0,2
1501,id_k2rjfxuw75.jpg,0,3
1502,id_k2ruqvs582.jpg,1,4
1503,id_k2zgdz2c3c.jpg,0,1
1504,id_k3s5tbq2g3.jpg,2,0
1505,id_k42qqdi4hj.jpg,2,0
1506,id_k4osm6gfb2.jpg,1,4
1507,id_k4vjdgagb6.jpg,0,4
1508,id_k67tq2w3xx.jpg,0,4
1509,id_k6hfvzpu8l.jpg,0,3
1510,id_k7h838t0nk.jpg,1,4
1511,id_k92w5m5m2s.jpg,0,0
1512,id_k99hotm0jz.jpg,0,3
1513,id_ka7ofmzj3d.jpg,1,4
1514,id_kawudvwqh6.jpg,0,1
1515,id_kcncn9cca7.jpg,2,3
1516,id_kdgqeuwv7k.jpg,0,3
1517,id_kdx786u016.jpg,1,4
1518,id_kf3eeo9z9m.jpg,0,3
1519,id_kfpyxum2wy.jpg,0,0
1520,id_kgn31b0mxw.jpg,1,2
1521,id_kh2hv9vqzk.jpg,1,4
1522,id_kh9wt3wwe0.jpg,0,1
1523,id_ki8jdnkq6h.jpg,1,0
1524,id_kihu2kjgx1.jpg,0,3
1525,id_kj1n6qenad.jpg,2,3
1526,id_kkena4xxuz.jpg,1,1
1527,id_kksbca2x8s.jpg,0,3
1528,id_kl8whsy7s5.jpg,2,1
1529,id_klghzmqd02.jpg,2,2
1530,id_klh1mnhomp.jpg,2,1
1531,id_klmsm3cyqj.jpg,0,3
1532,id_km1sii4hky.jpg,0,4
1533,id_km5cynxfme.jpg,0,1
1534,id_knzjbnvr01.jpg,0,1
1535,id_ko5tux69hl.jpg,2,1
1536,id_ko9ublyz8z.jpg,2,0
1537,id_kobcywq1xa.jpg,0,3
1538,id_kol31hzief.jpg,0,0
1539,id_kp6pi16z54.jpg,0,3
1540,id_kp6tyvmwz2.jpg,0,0
1541,id_kpegaw57s0.jpg,1,2
1542,id_kqcji9dlmn.jpg,0,4
1543,id_kqs43lknfs.jpg,0,4
1544,id_kri86eeqhx.jpg,0,0
1545,id_krrta5hnts.jpg,1,4
1546,id_krww0zq9ve.jpg,0,0
1547,id_ks8wz0a569.jpg,0,0
1548,id_ksbxj6gfls.jpg,1,1
1549,id_kstay88rso.jpg,1,2
1550,id_ktoqzevcwf.jpg,0,2
1551,id_kubv1827u9.jpg,0,4
1552,id_kv5i1yzfcf.jpg,0,3
1553,id_kwxcbq26a6.jpg,2,2
1554,id_kx9ovyha1b.jpg,2,1
1555,id_kxd8vlvxtx.jpg,0,2
1556,id_kxdszstv49.jpg,0,3
1557,id_kyk5mdwd3h.jpg,1,0
1558,id_kytvg5jp8m.jpg,2,1
1559,id_kz4ib6l8v9.jpg,0,1
1560,id_l07l8bwnt1.jpg,0,3
1561,id_l0vvb9hm8r.jpg,0,0
1562,id_l13a8f87nq.jpg,1,0
1563,id_l14t9388gh.jpg,1,2
1564,id_l1guprix8z.jpg,1,1
1565,id_l2didcoirs.jpg,2,4
1566,id_l4blfmvfbc.jpg,2,3
1567,id_l4mo77n3g4.jpg,2,0
1568,id_l4t5pn29jh.jpg,0,4
1569,id_l4vxsydbml.jpg,0,2
1570,id_l59cyogsst.jpg,2,4
1571,id_l5wrm6ah3k.jpg,0,1
1572,id_l6jkgk6xgl.jpg,0,4
1573,id_l6pa1orzn5.jpg,2,4
1574,id_l79gh5mu1p.jpg,1,0
1575,id_l7hxgdn53l.jpg,0,1
1576,id_l7i99m03hd.jpg,0,3
1577,id_l87527epfu.jpg,0,1
1578,id_l8jvsffubc.jpg,1,0
1579,id_l8zmmzcmar.jpg,1,0
1580,id_la08ya07oo.jpg,1,3
1581,id_lac5lltgpf.jpg,1,2
1582,id_lahheqr2jz.jpg,0,3
1583,id_lb8mf7akdw.jpg,2,1
1584,id_lbz27zxb3u.jpg,1,1
1585,id_lcuyc8bb4f.jpg,1,0
1586,id_lcw8uhgv0z.jpg,0,1
1587,id_ldp23rk6f9.jpg,0,1
1588,id_le220nirvg.jpg,0,0
1589,id_leaxgdfxvj.jpg,0,1
1590,id_leg20vrp6z.jpg,1,1
1591,id_lekxkn4ii5.jpg,0,2
1592,id_lez34kzdoi.jpg,2,4
1593,id_lf3euewuvi.jpg,0,2
1594,id_lfrgolm053.jpg,1,2
1595,id_lftoh5gjpd.jpg,1,0
1596,id_lge4sgls67.jpg,0,4
1597,id_lgja95qnr4.jpg,1,3
1598,id_lgk30b61ku.jpg,1,2
1599,id_lh51sz3kja.jpg,0,1
1600,id_lh6pwhgjvk.jpg,1,1
1601,id_li6a3gwjar.jpg,0,4
1602,id_liadpab6y8.jpg,0,0
1603,id_lk57ggf2b5.jpg,0,2
1604,id_lkinbviate.jpg,0,4
1605,id_ll69brc5m2.jpg,1,1
1606,id_ll7vhrwcwt.jpg,1,2
1607,id_llltyc73io.jpg,1,3
1608,id_lm2p4u1fjd.jpg,0,3
1609,id_ln12pifq4b.jpg,0,3
1610,id_ln1rnn96kw.jpg,1,4
1611,id_lnc6zoay5e.jpg,1,2
1612,id_lnrkifxqy7.jpg,0,0
1613,id_lo00mqzauy.jpg,1,4
1614,id_lofhfyqx7m.jpg,0,1
1615,id_lofpvzrcl3.jpg,0,0
1616,id_lojytpz5yz.jpg,0,3
1617,id_lqr8ics23g.jpg,2,3
1618,id_lqwpbdb49p.jpg,0,1
1619,id_lsediee3h2.jpg,1,1
1620,id_lspd7ym2op.jpg,0,2
1621,id_lt5iasff06.jpg,0,2
1622,id_ltttnj8nur.jpg,2,2
1623,id_lv1y9phg5a.jpg,1,2
1624,id_lv6tqo61rg.jpg,1,2
1625,id_lvr3w52y5m.jpg,0,0
1626,id_lw5lhsl8bc.jpg,0,4
1627,id_lwjvjykaqx.jpg,0,0
1628,id_lwnrywr4lo.jpg,1,0
1629,id_lx8czr4wiq.jpg,0,2
1630,id_lxlvplkazl.jpg,1,2
1631,id_lxouv9si6d.jpg,0,3
1632,id_ly89vdnhy5.jpg,0,2
1633,id_lyqweqauo7.jpg,0,1
1634,id_lyycb14h31.jpg,1,0
1635,id_lz99ubzary.jpg,1,3
1636,id_lzq039vvrn.jpg,1,1
1637,id_m0w6sqrqsn.jpg,1,4
1638,id_m1z6hue1fu.jpg,2,2
1639,id_m2fj3lf2oj.jpg,0,0
1640,id_m3ukgm8ks6.jpg,2,2
1641,id_m4n0fyks60.jpg,0,0
1642,id_m5wy6282ml.jpg,0,2
1643,id_m65pg6tge7.jpg,2,4
1644,id_m79o1txx1x.jpg,0,0
1645,id_m7mm4vkhca.jpg,0,1
1646,id_m7yncp6ljp.jpg,1,0
1647,id_m8kgih29jh.jpg,0,3
1648,id_m9049y6oir.jpg,0,1
1649,id_m9fib7utqo.jpg,2,3
1650,id_m9kocu0aqe.jpg,2,1
1651,id_m9sf2u0lk6.jpg,0,4
1652,id_mar6xm8ahl.jpg,0,4
1653,id_maxde0k0gu.jpg,0,1
1654,id_mbiaxfjiz2.jpg,1,0
1655,id_mbk4uxtpbw.jpg,1,2
1656,id_mbyanfc9s3.jpg,0,3
1657,id_mcddqcywdp.jpg,1,2
1658,id_mckthvulqn.jpg,0,2
1659,id_mdqtheqjrg.jpg,0,1
1660,id_mdsrexrr30.jpg,0,1
1661,id_me14d540w7.jpg,2,0
1662,id_meq2hahwgd.jpg,0,4
1663,id_mf16gizdp7.jpg,0,1
1664,id_mg6sm3sjgv.jpg,0,1
1665,id_mgsxqq56jg.jpg,2,0
1666,id_mgys9pf6uf.jpg,0,0
1667,id_mi2uw4bvf4.jpg,0,0
1668,id_mib99vhiux.jpg,0,1
1669,id_mih0zsi6vn.jpg,0,0
1670,id_miimicy82t.jpg,2,4
1671,id_mjco867nck.jpg,0,3
1672,id_mjncd278b5.jpg,1,2
1673,id_mk5dk5pec7.jpg,0,4
1674,id_mkbfagm6fi.jpg,0,4
1675,id_mkgupvmioo.jpg,0,0
1676,id_mkqalovuji.jpg,0,0
1677,id_mljva8nqu2.jpg,2,4
1678,id_mm49mzkum6.jpg,0,2
1679,id_mnlfcscckx.jpg,2,4
1680,id_mp4hne0tqf.jpg,1,4
1681,id_mp65ialpta.jpg,2,4
1682,id_mpeaaaamgr.jpg,0,0
1683,id_mpqkm5epot.jpg,2,4
1684,id_mpwdwh5bjw.jpg,2,2
1685,id_mq1k5ejwbt.jpg,2,4
1686,id_mq8di46gmb.jpg,0,1
1687,id_mqje5947uy.jpg,0,4
1688,id_mryfjm4p25.jpg,0,3
1689,id_ms8ve3sjw8.jpg,0,3
1690,id_mslwle6pgx.jpg,2,3
1691,id_msolry1qc0.jpg,0,1
1692,id_mt7a1730e4.jpg,0,0
1693,id_mtf1ozn7ur.jpg,1,0
1694,id_mti2ih46a5.jpg,0,4
1695,id_mu484ktc9f.jpg,2,4
1696,id_muert0w8bj.jpg,1,1
1697,id_muqc4ro1o8.jpg,1,2
1698,id_muxr52g4fz.jpg,0,1
1699,id_mv4ej4g73f.jpg,0,2
1700,id_mw8kcageob.jpg,1,4
1701,id_mwdne4ohbl.jpg,1,4
1702,id_mx27pvibi7.jpg,0,2
1703,id_my1hs9jqmg.jpg,0,2
1704,id_my8osz5wty.jpg,0,0
1705,id_mzau2sgd2v.jpg,1,1
1706,id_mzh77yjrsl.jpg,0,2
1707,id_n0cc9lf9hd.jpg,0,0
1708,id_n163yj60w5.jpg,0,0
1709,id_n1jyk6uzqz.jpg,0,0
1710,id_n1px5bgs1n.jpg,0,3
1711,id_n1r041bxq1.jpg,1,2
1712,id_n1r524hb9l.jpg,2,2
1713,id_n1s3llxvc6.jpg,0,0
1714,id_n4rorfh5ov.jpg,1,1
1715,id_n5c5q1kg5v.jpg,1,1
1716,id_n5sr30nsvj.jpg,0,4
1717,id_n5yqm0zmsf.jpg,1,4
1718,id_n6a0ytqag0.jpg,0,3
1719,id_n6kamyepd6.jpg,0,0
1720,id_n72ky58gbm.jpg,0,0
1721,id_n77m5tggn4.jpg,1,0
1722,id_n7hy6w2w8y.jpg,1,1
1723,id_n7taj9ckb6.jpg,0,2
1724,id_n7tvj5tpxf.jpg,1,3
1725,id_n7wctqkqyi.jpg,2,3
1726,id_n8abmy8g2e.jpg,2,2
1727,id_n94yqczohc.jpg,1,1
1728,id_n95hajahpk.jpg,0,0
1729,id_naww65uitc.jpg,0,0
1730,id_nb8oxzwfpx.jpg,0,1
1731,id_nbjuc8i7it.jpg,0,3
1732,id_nbzabo2qqa.jpg,2,2
1733,id_nbzbf8axe4.jpg,2,0
1734,id_nc5t15o2ll.jpg,1,4
1735,id_ncb5x42jgt.jpg,0,4
1736,id_ndde4x3dpo.jpg,0,4
1737,id_nes9p89xdi.jpg,0,1
1738,id_nexkcz2kmr.jpg,1,1
1739,id_nf4p93xkyi.jpg,0,1
1740,id_nfaw3hu8bj.jpg,0,2
1741,id_ng58o9u2i0.jpg,0,3
1742,id_ng6kvqw2ym.jpg,0,0
1743,id_ngctvkyf7d.jpg,1,0
1744,id_ngelg978d4.jpg,0,3
1745,id_ngh7aj7rk9.jpg,1,4
1746,id_nh08j777jk.jpg,0,3
1747,id_nh1cp98dtv.jpg,0,0
1748,id_nhinkj8q1i.jpg,0,2
1749,id_ni6z3phm9y.jpg,2,0
1750,id_niqwou1vzq.jpg,1,4
1751,id_njb6x2v7pg.jpg,0,4
1752,id_njdnrj7lrl.jpg,0,1
1753,id_njqj1bloej.jpg,2,1
1754,id_nk73l5ft0b.jpg,1,1
1755,id_nki8987fw2.jpg,0,1
1756,id_nkyu5tm2bm.jpg,0,2
1757,id_nla2w10tlu.jpg,1,4
1758,id_nlaj89wend.jpg,0,4
1759,id_nllofkfwm6.jpg,0,1
1760,id_nm17ks76we.jpg,1,0
1761,id_nm2xif0d0z.jpg,2,4
1762,id_nmcp8a1uy2.jpg,0,2
1763,id_nmmod9q84j.jpg,2,4
1764,id_nmo9gjrjrj.jpg,0,2
1765,id_nom19xwuzh.jpg,2,2
1766,id_np217xevst.jpg,0,4
1767,id_np2wrlkt66.jpg,0,1
1768,id_npanf049ot.jpg,2,2
1769,id_nq461sbef6.jpg,0,0
1770,id_nq7rqw6x1g.jpg,0,0
1771,id_nq9wocm32h.jpg,1,4
1772,id_nqmwafm3jo.jpg,2,2
1773,id_nqp4ja4qqs.jpg,0,3
1774,id_nqq38pdlal.jpg,0,0
1775,id_nqwmljip6u.jpg,0,1
1776,id_nr7q723ber.jpg,0,1
1777,id_nrulqwvzc0.jpg,1,4
1778,id_ns3w6150w0.jpg,0,2
1779,id_ns6nduacmx.jpg,0,0
1780,id_nsoxt45pxs.jpg,0,0
1781,id_ntdqby12qj.jpg,2,3
1782,id_nu3k85uyns.jpg,0,4
1783,id_nu7ljwhygl.jpg,0,3
1784,id_nv4y27abro.jpg,0,1
1785,id_nvgncoc5vl.jpg,0,3
1786,id_nvn1pneyxw.jpg,1,0
1787,id_nvneqgv9g8.jpg,2,2
1788,id_nwq4gc1fps.jpg,0,2
1789,id_nxl0ldrxlm.jpg,1,0
1790,id_nxwl4uzb6b.jpg,1,3
1791,id_nyw0oxo12z.jpg,0,1
1792,id_nz3o3menpw.jpg,1,3
1793,id_o0a6z7zk0v.jpg,1,0
1794,id_o0lwks09lq.jpg,1,2
1795,id_o10zu0nkhp.jpg,2,1
1796,id_o1cf6ocryl.jpg,0,0
1797,id_o2n2zzhf6n.jpg,1,1
1798,id_o3z9quikc0.jpg,1,1
1799,id_o4t40udl3r.jpg,0,4
1800,id_o50v0ikukg.jpg,1,0
1801,id_o69b0wqj1r.jpg,1,4
1802,id_o6bl8v1864.jpg,1,3
1803,id_o6l938cj8h.jpg,0,0
1804,id_o8fzbwo2pd.jpg,1,2
1805,id_o8mkt0mzxs.jpg,1,4
1806,id_o9hc4szcwa.jpg,1,2
1807,id_oaegd3vylv.jpg,0,4
1808,id_oaf3ovfwf7.jpg,0,2
1809,id_ob0maoob4f.jpg,0,3
1810,id_ob31ll7tx4.jpg,2,1
1811,id_oc68bwtzcu.jpg,1,2
1812,id_ocr9uejkvw.jpg,1,3
1813,id_od4wrywyfo.jpg,1,3
1814,id_oej4k21c0l.jpg,0,4
1815,id_oenjk6u1ff.jpg,0,0
1816,id_oeom7efjcw.jpg,0,4
1817,id_of3t8dstyq.jpg,0,2
1818,id_off254spbe.jpg,0,1
1819,id_oio1tdpw0v.jpg,0,4
1820,id_oj2yf2k3r8.jpg,0,0
1821,id_oji2b68xzb.jpg,0,2
1822,id_ok79sfp2hk.jpg,2,2
1823,id_ok8ly4wvi8.jpg,1,4
1824,id_ok8ud0uxlx.jpg,0,4
1825,id_okb9d5vn24.jpg,0,2
1826,id_olbfbcwm9i.jpg,2,4
1827,id_olni0l94oi.jpg,1,4
1828,id_olts3zapvv.jpg,2,4
1829,id_om5237lzga.jpg,1,2
1830,id_omgu0mhgoj.jpg,0,4
1831,id_omr186qp3u.jpg,1,4
1832,id_on1ztc4exp.jpg,0,3
1833,id_on62crqvkt.jpg,0,3
1834,id_on7e0ra1z9.jpg,0,2
1835,id_oomohj1npt.jpg,1,0
1836,id_ooogjrlqvy.jpg,1,3
1837,id_ooqdgxfr1s.jpg,0,0
1838,id_oov5r80r21.jpg,0,3
1839,id_ooxzo9f33d.jpg,1,3
1840,id_oq5d7xb2on.jpg,0,1
1841,id_oq7h5g2jy1.jpg,0,2
1842,id_oqpwtsxzi5.jpg,0,2
1843,id_organqs4j2.jpg,0,4
1844,id_orh2rjwo0z.jpg,2,1
1845,id_orl0slzk06.jpg,1,4
1846,id_orvizna4q3.jpg,0,2
1847,id_ot7lhlr1k0.jpg,2,4
1848,id_ou50v2mt2r.jpg,0,1
1849,id_oufyumfp0v.jpg,1,1
1850,id_ov1hbwe733.jpg,0,2
1851,id_ov2cxgv2u4.jpg,0,2
1852,id_ovg5iwtndw.jpg,0,0
1853,id_ovkeudvam7.jpg,2,4
1854,id_ovz0j0a9bp.jpg,0,1
1855,id_ow3feu1faq.jpg,2,0
1856,id_ox4yw0bwse.jpg,0,4
1857,id_oxxmyw1w5w.jpg,0,3
1858,id_oxzdlqgxbs.jpg,1,2
1859,id_oyalnt4a6p.jpg,0,2
1860,id_p00unfbsam.jpg,1,2
1861,id_p0bh0t0ok9.jpg,0,4
1862,id_p0rlk5y430.jpg,0,0
1863,id_p0xt3qfbl2.jpg,2,2
1864,id_p1akqkcduf.jpg,0,2
1865,id_p1r456tg7t.jpg,1,4
1866,id_p2jzmldumn.jpg,2,1
1867,id_p3aobg9pqm.jpg,0,3
1868,id_p3d61wur7l.jpg,1,2
1869,id_p3fnie20bo.jpg,0,4
1870,id_p4e2o821bi.jpg,1,0
1871,id_p58wd8lt2u.jpg,0,2
1872,id_p5studf6du.jpg,0,1
1873,id_p69nlhtpd2.jpg,0,0
1874,id_p7ed8j7vsg.jpg,0,1
1875,id_p7h2i2w8av.jpg,0,0
1876,id_p8cepgw9j6.jpg,2,0
1877,id_p8xlp47av5.jpg,1,0
1878,id_p9g87ofd16.jpg,1,2
1879,id_p9ov7g5bpc.jpg,0,2
1880,id_pbi4y230pj.jpg,0,4
1881,id_pc3ktk45au.jpg,0,4
1882,id_pd6yvu6bwt.jpg,1,1
1883,id_pd9gz4ihcd.jpg,0,2
1884,id_pdqeq3drcn.jpg,0,2
1885,id_pdtasf7c71.jpg,0,0
1886,id_pewcj20st6.jpg,1,2
1887,id_pfnstop2nu.jpg,0,2
1888,id_pgcceuxhi1.jpg,1,0
1889,id_pgtkifwblr.jpg,1,0
1890,id_ph2pr0r9d8.jpg,2,3
1891,id_ph5ht3w4jy.jpg,1,0
1892,id_phujfdj95p.jpg,0,4
1893,id_pihfsx7r7q.jpg,0,0
1894,id_pii4xk649q.jpg,0,1
1895,id_pk2b4qphwd.jpg,0,4
1896,id_pk6ylo10ha.jpg,2,4
1897,id_pks2cbxpdh.jpg,1,0
1898,id_pkttaaakqd.jpg,1,3
1899,id_pldk5trusg.jpg,0,3
1900,id_plpc1h0uhq.jpg,2,1
1901,id_pm4vegvfh8.jpg,1,1
1902,id_pmo3n4u79r.jpg,1,0
1903,id_pmovc6xqc7.jpg,1,0
1904,id_pmyrnssxki.jpg,1,1
1905,id_pn7mvweo6t.jpg,1,0
1906,id_pnj8l4fqar.jpg,1,4
1907,id_pnk2n8gcwp.jpg,0,1
1908,id_po0yedppeb.jpg,2,2
1909,id_po50czpxap.jpg,0,3
1910,id_po6vo1hipl.jpg,1,4
1911,id_pohrhpil79.jpg,0,2
1912,id_pokyx0ph13.jpg,0,4
1913,id_poq5ahn2ow.jpg,0,2
1914,id_ppcsh9u5dc.jpg,0,3
1915,id_ppo25q66kr.jpg,1,0
1916,id_ppu159bbts.jpg,0,1
1917,id_ppv655wfm2.jpg,0,0
1918,id_pri4i7hyc3.jpg,0,1
1919,id_ps464gg2ua.jpg,0,4
1920,id_ps715t8rq2.jpg,2,4
1921,id_psv8xbn3sz.jpg,0,1
1922,id_psz5nbp8op.jpg,0,1
1923,id_pu953xoqoi.jpg,0,1
1924,id_puvchuh9mg.jpg,0,0
1925,id_pw13vxbdk7.jpg,0,3
1926,id_pw2qof36ip.jpg,0,4
1927,id_px15h4w3ke.jpg,0,3
1928,id_pxc76zdnoc.jpg,0,4
1929,id_pxfikv0p7m.jpg,0,0
1930,id_pxxtg5k9uo.jpg,2,3
1931,id_py6jqonh83.jpg,0,3
1932,id_pyqodz6pbw.jpg,0,3
1933,id_pyvxyjnpm3.jpg,0,2
1934,id_pzfgm8e2r7.jpg,0,3
1935,id_pzot52pk2x.jpg,1,2
1936,id_q0adhxcxud.jpg,0,0
1937,id_q0pq9893ba.jpg,0,4
1938,id_q0s2zuzu43.jpg,0,4
1939,id_q10vtj1wcx.jpg,0,2
1940,id_q135jdawot.jpg,1,4
1941,id_q19d6jb1sx.jpg,2,0
1942,id_q1dlvtujt9.jpg,1,4
1943,id_q2t9c4mhfo.jpg,0,1
1944,id_q341h5v3oj.jpg,1,4
1945,id_q34hj40mpd.jpg,0,2
1946,id_q38n3p176q.jpg,1,0
1947,id_q3a23tfn5y.jpg,0,4
1948,id_q3neoiq04v.jpg,2,1
1949,id_q3xiqyy5rp.jpg,2,3
1950,id_q4bcqe8pik.jpg,0,1
1951,id_q51rpld6kx.jpg,0,1
1952,id_q5gry4qplh.jpg,0,2
1953,id_q63314s9o2.jpg,1,1
1954,id_q63jfkv9aq.jpg,0,1
1955,id_q6klhazbh5.jpg,0,2
1956,id_q6m3fq4o4u.jpg,1,2
1957,id_q879ylewcl.jpg,1,2
1958,id_q8p49tocfx.jpg,2,3
1959,id_q9k0ym5w5k.jpg,0,3
1960,id_qa32dd22ui.jpg,0,4
1961,id_qadtrou5hb.jpg,1,0
1962,id_qaopumqp0x.jpg,0,2
1963,id_qbc807vr3v.jpg,1,4
1964,id_qbciv9jaud.jpg,0,0
1965,id_qbr74oraue.jpg,0,2
1966,id_qcc6k602z6.jpg,0,3
1967,id_qe50zyot87.jpg,0,2
1968,id_qea14dhytj.jpg,2,1
1969,id_qefuurxm4g.jpg,0,0
1970,id_qei29o6uas.jpg,2,3
1971,id_qf5carx1o0.jpg,0,2
1972,id_qgnoseej59.jpg,0,2
1973,id_qhvm4rmewz.jpg,0,1
1974,id_qhw46i6j3o.jpg,0,0
1975,id_qj0ltorxcv.jpg,0,2
1976,id_qj4w6064n1.jpg,0,3
1977,id_qjtcjzebcb.jpg,0,2
1978,id_qkl384l88c.jpg,0,2
1979,id_qkunalkff6.jpg,0,0
1980,id_qm1ck10ofg.jpg,0,4
1981,id_qn2ehavj6h.jpg,1,0
1982,id_qn31e6no23.jpg,0,3
1983,id_qn6n4re13e.jpg,1,3
1984,id_qnhgjbhw7r.jpg,0,2
1985,id_qo3chxh5sf.jpg,0,2
1986,id_qoibk8usd5.jpg,1,1
1987,id_qov7fadmqi.jpg,1,3
1988,id_qpjfn4gq90.jpg,1,2
1989,id_qpoaw7uora.jpg,0,0
1990,id_qqdfqu276c.jpg,0,3
1991,id_qqtc1pi43m.jpg,0,4
1992,id_qrqij6ihu1.jpg,0,0
1993,id_qry10dvoey.jpg,1,2
1994,id_qrz9ycla73.jpg,0,3
1995,id_qs22o2k0wf.jpg,0,4
1996,id_qsfkoms0k8.jpg,0,1
1997,id_qskqvdsmvp.jpg,1,2
1998,id_qt7aild345.jpg,2,0
1999,id_qtpa20v5bc.jpg,0,3
2000,id_qu22hnk3ox.jpg,0,3
2001,id_qu28p5e6a7.jpg,1,1
2002,id_qumy75pdkk.jpg,0,2
2003,id_quvjgb1pxa.jpg,0,4
2004,id_qvib9uszgd.jpg,0,1
2005,id_qvwli2cvtm.jpg,0,3
2006,id_qx1kwgo4vc.jpg,1,0
2007,id_qxsaptrjfy.jpg,1,0
2008,id_qxt0evglhm.jpg,0,1
2009,id_qza30z0cbr.jpg,0,0
2010,id_r01phielr4.jpg,1,4
2011,id_r04jfofo9x.jpg,2,3
2012,id_r299q1yl7g.jpg,0,1
2013,id_r3nqk7y4mf.jpg,0,0
2014,id_r6kecm9iit.jpg,0,3
2015,id_r737tekrzp.jpg,0,2
2016,id_r7a8tas5mc.jpg,0,2
2017,id_r7g2e2rjn2.jpg,0,3
2018,id_r7jmdrew1f.jpg,2,4
2019,id_r81f2h3bdi.jpg,1,2
2020,id_r8joyezv75.jpg,0,1
2021,id_r904l7rywd.jpg,1,2
2022,id_r97b47yn2n.jpg,2,1
2023,id_r9hrrz4zgg.jpg,0,3
2024,id_raryyxjsph.jpg,1,0
2025,id_rb2dcuixin.jpg,1,3
2026,id_rb70xspcgw.jpg,2,1
2027,id_rb9r9cxmgi.jpg,1,4
2028,id_rc3ucykbgo.jpg,1,1
2029,id_rc5wui7us7.jpg,0,2
2030,id_rce0un1unb.jpg,0,1
2031,id_rdjdp7gh6o.jpg,0,1
2032,id_re0t2jlts1.jpg,0,1
2033,id_reamutq64b.jpg,0,0
2034,id_rel36t55vr.jpg,1,1
2035,id_rex51iy06u.jpg,1,4
2036,id_rf4d96l3sl.jpg,0,2
2037,id_rfita9dg8r.jpg,0,0
2038,id_rfn6cd0thc.jpg,0,3
2039,id_rgjwwalovz.jpg,1,1
2040,id_rgowo21qxm.jpg,2,1
2041,id_ri3vl6njwt.jpg,0,2
2042,id_riunnlt3tz.jpg,1,0
2043,id_rjp8tndhpb.jpg,0,4
2044,id_rjyrpjohah.jpg,1,3
2045,id_rkaai3mzib.jpg,0,1
2046,id_rkk91ep3bt.jpg,1,3
2047,id_rlan8usuvj.jpg,0,3
2048,id_rlisskutt4.jpg,0,1
2049,id_rm7rkh9b24.jpg,1,2
2050,id_rmgwmpqctq.jpg,0,2
2051,id_rmpkimpyoj.jpg,2,1
2052,id_ro6i21kh7r.jpg,0,3
2053,id_roj9otttj7.jpg,0,0
2054,id_rom9wjigcn.jpg,0,3
2055,id_rp8a8e6rwh.jpg,1,3
2056,id_rpn5w954z5.jpg,0,2
2057,id_rprmwv2v48.jpg,0,1
2058,id_rq1cnqprrk.jpg,1,4
2059,id_rqg4vo2tlh.jpg,0,0
2060,id_rqqkvc20ri.jpg,1,3
2061,id_rras0ul0zn.jpg,0,3
2062,id_rs6atw3yg9.jpg,0,2
2063,id_rs70f2x7g6.jpg,0,2
2064,id_rs9gsisrzi.jpg,0,2
2065,id_rsckgl7hn2.jpg,1,1
2066,id_rtfwivbji7.jpg,0,1
2067,id_ru4og18092.jpg,1,3
2068,id_ru671o5y4v.jpg,0,4
2069,id_rvu3jjuh34.jpg,2,0
2070,id_rwbelhaz5w.jpg,0,0
2071,id_rwn52zwktd.jpg,0,0
2072,id_ry3njvddvz.jpg,0,3
2073,id_ryco0pfpq5.jpg,1,0
2074,id_rzbqo99wh8.jpg,1,3
2075,id_rzd7i96ebi.jpg,0,3
2076,id_s18yuipvo9.jpg,1,2
2077,id_s1cmxkui2k.jpg,0,4
2078,id_s23xv3qqsd.jpg,1,4
2079,id_s31s4fmu6i.jpg,1,0
2080,id_s3b927wph1.jpg,2,4
2081,id_s3r8rqcnit.jpg,2,2
2082,id_s3v8fts5jg.jpg,1,3
2083,id_s3vpaf7gyl.jpg,0,0
2084,id_s59zf5vuml.jpg,1,3
2085,id_s6dqnz9oa4.jpg,0,3
2086,id_s6pd9iz6p8.jpg,0,3
2087,id_s70uqt8woy.jpg,0,4
2088,id_s76eqv3go0.jpg,1,1
2089,id_s7bq4bef6r.jpg,1,3
2090,id_s7iia72h9j.jpg,0,4
2091,id_s83g8nlmme.jpg,2,3
2092,id_sa9iaj92j5.jpg,0,2
2093,id_sae50ick1t.jpg,1,4
2094,id_sauq6k5x29.jpg,0,0
2095,id_sb3mm4yosr.jpg,0,1
2096,id_sb6y4df46q.jpg,0,1
2097,id_sd4oiztl9h.jpg,2,4
2098,id_sde4pcooi0.jpg,2,4
2099,id_searsx3tok.jpg,2,0
2100,id_sfcavujrpu.jpg,0,4
2101,id_sfgvefvi2h.jpg,0,4
2102,id_sfnwxlkrbv.jpg,0,4
2103,id_sgdqu10qoe.jpg,0,1
2104,id_shdt4xiki1.jpg,0,3
2105,id_si5ciovhhw.jpg,1,4
2106,id_si8m7hg575.jpg,1,1
2107,id_siu1e7guny.jpg,2,3
2108,id_sj3zs5jlp5.jpg,1,1
2109,id_sj6i04jn5y.jpg,2,4
2110,id_sjgzcpvsgv.jpg,1,3
2111,id_skoplmsz2r.jpg,0,1
2112,id_sl6mkvehow.jpg,2,0
2113,id_sl7xoznbqu.jpg,1,4
2114,id_slbz9wfcqs.jpg,0,0
2115,id_slk5pkhjmd.jpg,0,0
2116,id_slnvb8qx7w.jpg,0,3
2117,id_slq2ekcr5e.jpg,0,1
2118,id_sm2txhe54o.jpg,1,1
2119,id_sm4w1ggp5q.jpg,1,3
2120,id_sn6miwlr7h.jpg,0,2
2121,id_sowyrex3pj.jpg,0,4
2122,id_spb6rl009i.jpg,1,2
2123,id_spt74lr3du.jpg,1,2
2124,id_sq24l8uptm.jpg,1,4
2125,id_sqzz310t8o.jpg,2,4
2126,id_sr012lxw9w.jpg,1,1
2127,id_srmqrkvl0d.jpg,0,3
2128,id_ss0jydwwf4.jpg,2,3
2129,id_sspz9wg4fz.jpg,0,4
2130,id_stkm0g1ohn.jpg,0,3
2131,id_stmo8an8li.jpg,2,0
2132,id_stms0ps72o.jpg,2,1
2133,id_sujhmac2gx.jpg,0,4
2134,id_sviye2nk30.jpg,0,0
2135,id_svpnmfvfz8.jpg,1,0
2136,id_swk4hzqvjz.jpg,0,2
2137,id_sx5xfl70wb.jpg,0,0
2138,id_sx89tzx918.jpg,2,4
2139,id_sx9m7eeaws.jpg,0,0
2140,id_sxcfrmzljx.jpg,1,3
2141,id_sxwc2xbftt.jpg,1,2
2142,id_sxy1ssq9c2.jpg,0,1
2143,id_sy1ztqkjii.jpg,0,4
2144,id_syi01pwpvw.jpg,1,2
2145,id_szbaab2j54.jpg,0,0
2146,id_szrnmn072u.jpg,1,3
2147,id_szu7rxogm6.jpg,0,0
2148,id_t0wzm5u7b9.jpg,0,2
2149,id_t0ykynb9mr.jpg,1,4
2150,id_t12kj6adzv.jpg,1,4
2151,id_t27yi6h5le.jpg,1,0
2152,id_t2pwbdrr9p.jpg,0,3
2153,id_t2x8ayyg6b.jpg,0,1
2154,id_t39nqhqrko.jpg,0,4
2155,id_t3gn0fvmdt.jpg,2,1
2156,id_t480j1yxsl.jpg,1,0
2157,id_t4hwkd0yev.jpg,0,4
2158,id_t4mta4r7x5.jpg,0,2
2159,id_t4v81z3bb3.jpg,0,4
2160,id_t54b192i6x.jpg,1,0
2161,id_t5f0musro7.jpg,0,2
2162,id_t724udximz.jpg,2,0
2163,id_t72h7780zu.jpg,0,4
2164,id_t7fyaz2npq.jpg,1,1
2165,id_t7v0rfbog2.jpg,1,1
2166,id_ta3s7t8k74.jpg,0,4
2167,id_taj9slz66u.jpg,0,3
2168,id_tas8m9rff3.jpg,2,0
2169,id_tavddm9t73.jpg,0,4
2170,id_taxrsylqp7.jpg,1,0
2171,id_taz4fku15w.jpg,1,3
2172,id_tb3hzkxsor.jpg,0,4
2173,id_tb7esk9xw8.jpg,1,2
2174,id_tb9jqcyloa.jpg,0,2
2175,id_tbhtff44rq.jpg,2,4
2176,id_tbqg2lfi8b.jpg,2,1
2177,id_tdgabqxs74.jpg,1,0
2178,id_tdp5wkm32g.jpg,0,0
2179,id_tdpm05g8q7.jpg,0,3
2180,id_tdsrws8zxm.jpg,0,3
2181,id_te4v29opzo.jpg,2,1
2182,id_tehsemyayb.jpg,0,2
2183,id_tek0h4381b.jpg,0,4
2184,id_tf2f362hp9.jpg,1,3
2185,id_tf83ixzef2.jpg,0,2
2186,id_tgljl9nz8c.jpg,1,4
2187,id_tgur834cvw.jpg,0,3
2188,id_thcs1ih1d6.jpg,1,2
2189,id_thjih1dm0x.jpg,0,0
2190,id_thrtv0fi5u.jpg,0,4
2191,id_tiv9two5ib.jpg,1,3
2192,id_tk1o3cc5s5.jpg,0,1
2193,id_tk5gn24b5h.jpg,1,3
2194,id_tkl8ugll79.jpg,0,3
2195,id_tkm8arm2mk.jpg,1,3
2196,id_tkqb74ir13.jpg,0,4
2197,id_tlpg7dz8g4.jpg,2,1
2198,id_tm59ayn9ul.jpg,1,2
2199,id_tmfi1mo4db.jpg,1,0
2200,id_tmkonhcqez.jpg,0,0
2201,id_tmwly3i0ts.jpg,2,4
2202,id_tn4kn6sdxa.jpg,1,0
2203,id_tp4rlvswkx.jpg,0,1
2204,id_tpffemzx4v.jpg,0,4
2205,id_tqa7amgslh.jpg,0,3
2206,id_tqpyjukbze.jpg,1,0
2207,id_tqrfw1eg0c.jpg,1,4
2208,id_trew9k7h9e.jpg,0,0
2209,id_trskg9zige.jpg,2,4
2210,id_trxf1cwvj2.jpg,2,2
2211,id_tsaog23lu9.jpg,1,3
2212,id_tsjgz61yvf.jpg,1,2
2213,id_ttx9eqbuog.jpg,1,1
2214,id_tuiit9b606.jpg,1,1
2215,id_tur31zxk5n.jpg,0,0
2216,id_tuu669mxyd.jpg,2,0
2217,id_tvinbatdo9.jpg,0,1
2218,id_tvt9yvvacf.jpg,0,4
2219,id_tw44n3ey3x.jpg,0,0
2220,id_tx4mlgrah4.jpg,1,1
2221,id_txa7sagjdd.jpg,2,0
2222,id_txkfri1dl3.jpg,0,4
2223,id_txor2my6t5.jpg,2,4
2224,id_txwevbwkyq.jpg,0,3
2225,id_txx011xrs3.jpg,0,0
2226,id_ty5f1h0d99.jpg,0,3
2227,id_tz712hwvat.jpg,2,1
2228,id_tzd2musciu.jpg,0,4
2229,id_tzl1osjoc8.jpg,0,3
2230,id_tzriy00ztt.jpg,2,1
2231,id_tzutd04wff.jpg,0,1
2232,id_u0c8grs87w.jpg,2,4
2233,id_u0fiw4pkzj.jpg,0,0
2234,id_u0ke1sghec.jpg,1,1
2235,id_u0pvpi8r3z.jpg,0,2
2236,id_u10cifn59v.jpg,1,1
2237,id_u2fkp93brh.jpg,0,4
2238,id_u37hs4sf0q.jpg,2,2
2239,id_u390to7ehz.jpg,1,4
2240,id_u48elpvynp.jpg,1,3
2241,id_u4rp8p88qs.jpg,0,2
2242,id_u5hxl85jpn.jpg,1,0
2243,id_u5y929anz7.jpg,1,2
2244,id_u83a8tk5no.jpg,1,4
2245,id_u8l2d3xzlz.jpg,1,4
2246,id_u8x97nlkcg.jpg,0,4
2247,id_u8xc5omqao.jpg,0,2
2248,id_ua0562g9cm.jpg,2,4
2249,id_ubg9gi8b1b.jpg,0,1
2250,id_ubswfvxptm.jpg,0,4
2251,id_uc2e6bogq9.jpg,0,0
2252,id_uckbgsyb7y.jpg,0,0
2253,id_ucvd2jy9jb.jpg,0,1
2254,id_ud8ip2obaf.jpg,1,1
2255,id_udigsp84ly.jpg,1,2
2256,id_ue22baep0u.jpg,1,1
2257,id_ue577lx2d0.jpg,0,2
2258,id_ueazifzqgs.jpg,0,4
2259,id_uenmzc5kte.jpg,0,4
2260,id_ueyezao28w.jpg,1,3
2261,id_ug3rem6lu1.jpg,0,1
2262,id_ugsztykyxm.jpg,0,3
2263,id_uh2erxoz5u.jpg,1,1
2264,id_uh2u2imkuw.jpg,0,1
2265,id_uhbt7iytw2.jpg,2,4
2266,id_uhl8t55vbf.jpg,0,4
2267,id_uhpr86us41.jpg,1,1
2268,id_ui0ldzxfyn.jpg,2,1
2269,id_uibi5cdx5s.jpg,0,3
2270,id_uieow9eu4y.jpg,0,0
2271,id_uilnvdwf57.jpg,0,1
2272,id_uirya1ail0.jpg,0,3
2273,id_uj6bcc6774.jpg,2,3
2274,id_ukgq7x69a9.jpg,1,4
2275,id_ul6z0aw8wp.jpg,1,1
2276,id_ulbn3qjs0r.jpg,1,2
2277,id_ulvvn6qlcf.jpg,0,4
2278,id_ummlbkxlh8.jpg,0,2
2279,id_umxzcbyyy2.jpg,0,1
2280,id_uo5fybmpbl.jpg,1,3
2281,id_uoiapbaf2n.jpg,0,0
2282,id_uoo3kpqfi7.jpg,0,3
2283,id_up71l37tq2.jpg,0,4
2284,id_upd7qi1xd6.jpg,0,2
2285,id_upnzpz7v0r.jpg,1,2
2286,id_uq00rm89ja.jpg,0,0
2287,id_uq6ymmgc3j.jpg,0,2
2288,id_uqd4ragrwk.jpg,0,3
2289,id_uqf779y69f.jpg,0,0
2290,id_uql279c07s.jpg,0,2
2291,id_us09j03fde.jpg,0,0
2292,id_uswddqufu0.jpg,2,3
2293,id_ut09o6yz4g.jpg,1,4
2294,id_ut9agjdau0.jpg,1,4
2295,id_utgiwnkrhs.jpg,0,0
2296,id_uu598mdsec.jpg,0,4
2297,id_uub7xse0uq.jpg,0,1
2298,id_uuf0egtxfw.jpg,2,1
2299,id_uv3y66uon6.jpg,0,0
2300,id_uvg42fo39p.jpg,2,1
2301,id_uvhkdagdgh.jpg,1,3
2302,id_uw49jnvikg.jpg,1,2
2303,id_uwvle95jia.jpg,0,4
2304,id_ux43xr50rq.jpg,0,0
2305,id_uxmoxpxp3j.jpg,1,2
2306,id_uxqan77v9n.jpg,1,3
2307,id_uy49tp951g.jpg,1,2
2308,id_uy9xhzpuj8.jpg,0,2
2309,id_uykblqrept.jpg,0,0
2310,id_uzlfhjqb2k.jpg,1,2
2311,id_uzqw0f42a1.jpg,0,4
2312,id_v1ha3bd3tc.jpg,2,3
2313,id_v2edii4190.jpg,0,4
2314,id_v2fbl95owb.jpg,0,3
2315,id_v2v35nog3t.jpg,0,1
2316,id_v3h1as7j96.jpg,0,4
2317,id_v40p6td4bc.jpg,0,2
2318,id_v4qkyrvmsc.jpg,0,0
2319,id_v4rpnxjyay.jpg,2,3
2320,id_v4ypl46zum.jpg,0,2
2321,id_v5ut4daqf6.jpg,0,0
2322,id_v5ysppsv00.jpg,0,0
2323,id_v705ar14ty.jpg,0,2
2324,id_v8azg2uzie.jpg,0,4
2325,id_v8jmjsixaj.jpg,1,2
2326,id_v8p2ga7ye1.jpg,0,3
2327,id_v8sq2cim3i.jpg,0,4
2328,id_v8tn3a37jl.jpg,0,4
2329,id_v9f7vqszrh.jpg,1,1
2330,id_v9hhth43mw.jpg,0,4
2331,id_va1aoyvdif.jpg,0,1
2332,id_va6rxz9jzx.jpg,0,3
2333,id_vbbexfjzrd.jpg,0,4
2334,id_vbgb6olpim.jpg,0,2
2335,id_vbhme5p1dv.jpg,0,4
2336,id_vbmasab4sj.jpg,0,4
2337,id_vbzz7q8dzw.jpg,1,2
2338,id_vckb9gjelg.jpg,0,4
2339,id_vcocztg5by.jpg,0,1
2340,id_vcr3jwbfv2.jpg,0,2
2341,id_vdigzalxd0.jpg,1,0
2342,id_vf2zmknu8d.jpg,2,3
2343,id_vft99dex1a.jpg,2,3
2344,id_vgttbaep5t.jpg,2,0
2345,id_vicvnm8ow0.jpg,0,2
2346,id_vits2m92ya.jpg,0,4
2347,id_viu4ewvdot.jpg,2,3
2348,id_vjendz0pu7.jpg,1,1
2349,id_vjwkmsu9dg.jpg,1,0
2350,id_vky5kjtdf1.jpg,2,3
2351,id_vlovjxv3lg.jpg,2,3
2352,id_vm5oa82j4j.jpg,1,4
2353,id_vmmci3blon.jpg,0,3
2354,id_vnvjk0hg90.jpg,1,0
2355,id_vo8dzyx5hg.jpg,2,2
2356,id_vo8hmt8hk3.jpg,0,2
2357,id_voc5px7x4w.jpg,1,3
2358,id_vov5gyqf7l.jpg,0,2
2359,id_voy1pwsh9f.jpg,1,4
2360,id_vpeisdv601.jpg,0,4
2361,id_vqhhklaeop.jpg,1,1
2362,id_vrmf76c6cy.jpg,0,4
2363,id_vsu9c1ro3u.jpg,2,1
2364,id_vswjhohhfi.jpg,2,4
2365,id_vszg5rvwbb.jpg,2,4
2366,id_vucr7vfn1u.jpg,0,4
2367,id_vv4xx6zg4g.jpg,0,4
2368,id_vv5jw31p3v.jpg,1,3
2369,id_vvi6zd5kce.jpg,2,1
2370,id_vw4vmdsg8z.jpg,0,4
2371,id_vw9mplfttv.jpg,1,3
2372,id_vwmb4hgqko.jpg,0,2
2373,id_vx11zqkjot.jpg,1,1
2374,id_vxpjy22it8.jpg,2,0
2375,id_vxuw8ob3vk.jpg,1,4
2376,id_vy89v6fe7i.jpg,0,2
2377,id_vyxlsyxwtr.jpg,0,3
2378,id_vz9z01lzq4.jpg,0,1
2379,id_w02anaqd5p.jpg,0,2
2380,id_w2sze24opq.jpg,0,1
2381,id_w2wa9vqpt0.jpg,1,0
2382,id_w38ptgvl0m.jpg,0,3
2383,id_w3nh3qk7fs.jpg,0,4
2384,id_w3s6zoy5w3.jpg,0,3
2385,id_w3wva9nkug.jpg,0,1
2386,id_w4hrbgzy20.jpg,0,3
2387,id_w4li9hey14.jpg,0,1
2388,id_w4mk2ai75c.jpg,0,3
2389,id_w4qxunkxbm.jpg,1,3
2390,id_w5072zcr6c.jpg,2,0
2391,id_w6077zpq3v.jpg,1,4
2392,id_w6o6dyd5jr.jpg,0,2
2393,id_w7jdryt7e5.jpg,1,2
2394,id_w8c7df4gwi.jpg,1,4
2395,id_w8tou2zyz7.jpg,0,4
2396,id_w8ux2fpguk.jpg,0,1
2397,id_w8vv442b0k.jpg,0,0
2398,id_w9v12h5jjr.jpg,1,4
2399,id_wauq2jfgv4.jpg,0,3
2400,id_wbm2xujuv7.jpg,0,1
2401,id_wbsi4nchsd.jpg,0,4
2402,id_wbw2tyc0hj.jpg,0,2
2403,id_wbx6clu31a.jpg,0,2
2404,id_wc3k5053yc.jpg,2,0
2405,id_wccudrbkqo.jpg,0,2
2406,id_wcwrdymec5.jpg,1,2
2407,id_wd0igdrvj3.jpg,1,2
2408,id_wdn9zvj8ar.jpg,0,3
2409,id_weo7yarj80.jpg,0,0
2410,id_wew56td4hr.jpg,1,3
2411,id_wfgfdsbvpr.jpg,2,4
2412,id_wfgg5mv3i6.jpg,0,1
2413,id_wfsoaqsuc4.jpg,2,0
2414,id_wfyyk5h1i6.jpg,1,0
2415,id_wgi3xm3wm5.jpg,0,2
2416,id_whqg0ecwbf.jpg,0,2
2417,id_wifw5hdffo.jpg,0,1
2418,id_wj1sbqp2ya.jpg,1,4
2419,id_wjco8ts3mg.jpg,0,2
2420,id_wjh0t95vys.jpg,1,0
2421,id_wkmueket1r.jpg,0,4
2422,id_wko8gwschk.jpg,0,4
2423,id_wkw3lhvirs.jpg,0,3
2424,id_wl5e4tvv66.jpg,0,2
2425,id_wl9z7jn4eb.jpg,2,1
2426,id_wlwygrcomu.jpg,1,0
2427,id_wm6zaorgfd.jpg,0,2
2428,id_wmaq8w9gh0.jpg,2,4
2429,id_wmkxv4lsue.jpg,0,3
2430,id_wnujgtt8hp.jpg,0,2
2431,id_wnvrelo8wk.jpg,0,2
2432,id_wo71nv4lxe.jpg,2,2
2433,id_wo8gyy3qof.jpg,0,0
2434,id_wos3nsvpfp.jpg,0,2
2435,id_wosezsd5qx.jpg,1,2
2436,id_wpb2buguz7.jpg,0,1
2437,id_wpj3o0ib5o.jpg,0,1
2438,id_wpszfol4td.jpg,1,4
2439,id_wptgrdnjbg.jpg,0,3
2440,id_wptnnoamso.jpg,0,3
2441,id_wpzao4j4ic.jpg,0,3
2442,id_wqgp2e3dj9.jpg,1,1
2443,id_wr0ix16kzn.jpg,0,2
2444,id_wrfhphpuki.jpg,1,2
2445,id_wrinmbchel.jpg,0,0
2446,id_wrujm68lr7.jpg,1,4
2447,id_wt2byc6uk7.jpg,2,1
2448,id_wuulxwlv20.jpg,0,0
2449,id_wvhx1h7wp5.jpg,2,3
2450,id_wvps1tf7c4.jpg,1,4
2451,id_wvzrndnwyf.jpg,1,2
2452,id_wx1shii0ge.jpg,1,3
2453,id_wxklmn9fb2.jpg,0,3
2454,id_wyh8dn1co7.jpg,0,0
2455,id_wz8e7fe3nz.jpg,0,3
2456,id_wztqf7gcbz.jpg,1,2
2457,id_x057oqpbk8.jpg,1,4
2458,id_x08wux4lqr.jpg,0,0
2459,id_x0n2a5yppe.jpg,0,1
2460,id_x1nmrxdkj4.jpg,1,4
2461,id_x2c60ktku6.jpg,1,3
2462,id_x380ycxtc6.jpg,0,0
2463,id_x3lgi282ux.jpg,0,1
2464,id_x3m822sfmd.jpg,1,2
2465,id_x3xgxq9rde.jpg,0,1
2466,id_x406jc9fvv.jpg,0,1
2467,id_x411j086hw.jpg,0,3
2468,id_x53dijcgjf.jpg,1,0
2469,id_x565dw6qq3.jpg,0,3
2470,id_x57ctn68dk.jpg,0,2
2471,id_x5d2wxjtq5.jpg,1,1
2472,id_x5iyz54c3c.jpg,0,3
2473,id_x5lc6z8wbg.jpg,0,4
2474,id_x7j3np2g9y.jpg,2,0
2475,id_x86xifn5p4.jpg,1,2
2476,id_x8wdxdt5oh.jpg,0,1
2477,id_x9slwqg86o.jpg,1,0
2478,id_xamnwk9vph.jpg,0,0
2479,id_xb7lyrontb.jpg,2,2
2480,id_xc6v45suaz.jpg,1,4
2481,id_xck8ldqalq.jpg,1,1
2482,id_xdfitwp6xj.jpg,0,0
2483,id_xdg7c8btgn.jpg,1,1
2484,id_xh461un1cm.jpg,1,4
2485,id_xhh2e7a3id.jpg,0,3
2486,id_xiyzmnezfq.jpg,1,4
2487,id_xjj0pqb70h.jpg,1,3
2488,id_xjowebu3xp.jpg,0,3
2489,id_xkr1n7uvdc.jpg,0,1
2490,id_xkvb3hd5sf.jpg,0,1
2491,id_xlc6b474tp.jpg,2,0
2492,id_xls89lrwdh.jpg,2,0
2493,id_xmeknmv7ol.jpg,0,0
2494,id_xmls4vs93p.jpg,1,4
2495,id_xn0uve1bk8.jpg,1,4
2496,id_xnmxbcsoj1.jpg,0,2
2497,id_xo5wyxw9xm.jpg,1,0
2498,id_xojhu7rhry.jpg,2,2
2499,id_xomxs0bgxh.jpg,2,0
2500,id_xopwepvln7.jpg,1,2
2501,id_xpzgppmlt3.jpg,0,0
2502,id_xpzi6efwa2.jpg,2,2
2503,id_xq8lhes7n5.jpg,0,2
2504,id_xqt1jmkpwx.jpg,0,3
2505,id_xr61p8cmni.jpg,0,2
2506,id_xrxp83p0xn.jpg,0,1
2507,id_xtq70h3oay.jpg,1,2
2508,id_xtrusj5mo4.jpg,0,2
2509,id_xu0m1pyu87.jpg,0,0
2510,id_xuarpa5b37.jpg,2,1
2511,id_xvac7hhejn.jpg,0,3
2512,id_xvbe5cjpc0.jpg,0,4
2513,id_xvdttwg7zm.jpg,1,1
2514,id_xveb20haup.jpg,2,3
2515,id_xvirmx1vra.jpg,0,1
2516,id_xvoyuffhsw.jpg,1,1
2517,id_xvvv626x80.jpg,2,4
2518,id_xwddj5qmqw.jpg,1,4
2519,id_xx0q2hodej.jpg,0,4
2520,id_xxw8xumc5x.jpg,2,1
2521,id_xy4z5ps2tm.jpg,1,0
2522,id_y0349hr0u9.jpg,0,2
2523,id_y1i2ij9n7o.jpg,0,0
2524,id_y1soc1y068.jpg,1,3
2525,id_y28o5af7gx.jpg,0,3
2526,id_y2eb84bcju.jpg,0,0
2527,id_y4lhs2l0zf.jpg,0,0
2528,id_y56x2at4x7.jpg,2,3
2529,id_y5s3tyns2h.jpg,0,2
2530,id_y6mkyq3uhf.jpg,1,4
2531,id_y77b12wfqd.jpg,2,3
2532,id_y7cwabooh6.jpg,0,1
2533,id_y8npsespvq.jpg,0,2
2534,id_y8s5j8k08e.jpg,2,2
2535,id_y8zpqd8ld1.jpg,0,3
2536,id_y9oaejxl4o.jpg,1,2
2537,id_y9wh4f1z62.jpg,0,1
2538,id_y9xrdwzbak.jpg,0,4
2539,id_yagf23qj2l.jpg,1,0
2540,id_yaofgsoi7m.jpg,2,1
2541,id_yaonlmohpr.jpg,0,3
2542,id_yaqjk6xsk0.jpg,2,2
2543,id_ybxhrwgscn.jpg,0,3
2544,id_yc2bzswa9d.jpg,2,2
2545,id_ychikq7opg.jpg,0,4
2546,id_ycjb148t8o.jpg,0,3
2547,id_ycksg5xd5k.jpg,0,0
2548,id_yclzd8oksd.jpg,0,0
2549,id_ycux5qtrrr.jpg,1,2
2550,id_ydma09acx9.jpg,0,2
2551,id_ydocell2dx.jpg,0,1
2552,id_yf2p0gm2vv.jpg,0,4
2553,id_yf7fxtx4kp.jpg,1,3
2554,id_yfhmu71fz4.jpg,1,1
2555,id_yg8wggoq5o.jpg,2,3
2556,id_yhg0dg9c4k.jpg,1,1
2557,id_yi5ephq827.jpg,0,4
2558,id_yjkrszqyko.jpg,1,2
2559,id_yjvd8pt71v.jpg,1,0
2560,id_ykbu0o862w.jpg,2,4
2561,id_ykt9ejfgjf.jpg,0,0
2562,id_ykwnqbwrcm.jpg,0,4
2563,id_yl51jeovbj.jpg,2,3
2564,id_yl9gksat7d.jpg,1,0
2565,id_yld386dag0.jpg,0,3
2566,id_ylimvhb455.jpg,0,1
2567,id_yn39el3o6f.jpg,1,1
2568,id_ynrmt6tnzw.jpg,1,2
2569,id_yoog4o4cq1.jpg,0,4
2570,id_yp7tu1h3yl.jpg,0,2
2571,id_ypbajvhv0k.jpg,0,0
2572,id_yq5xsvy64k.jpg,2,3
2573,id_yqz8bsgh4g.jpg,2,4
2574,id_yr39jz5wwd.jpg,0,0
2575,id_yremhfvytq.jpg,1,1
2576,id_ysgk439ime.jpg,1,3
2577,id_yty7q8zxsa.jpg,0,1
2578,id_yv6242snxj.jpg,2,4
2579,id_yv7nq9n283.jpg,0,2
2580,id_yvk3j7d2wd.jpg,0,1
2581,id_yvp1az9ngp.jpg,0,4
2582,id_yw06l9cr7l.jpg,2,0
2583,id_ywxlhwsl07.jpg,1,0
2584,id_yx2tklcqmn.jpg,2,2
2585,id_yxo0ekdvzk.jpg,0,0
2586,id_yzbdgtem9d.jpg,1,3
2587,id_yzw2belq7a.jpg,0,2
2588,id_z0hq8jpog2.jpg,1,3
2589,id_z0rh3xep3v.jpg,0,0
2590,id_z0sxdg022f.jpg,0,2
2591,id_z0vqxb4gau.jpg,0,3
2592,id_z1l5zsbe27.jpg,2,1
2593,id_z203e61ogi.jpg,1,1
2594,id_z29la505ih.jpg,2,1
2595,id_z39yt179k3.jpg,1,2
2596,id_z3nvp25sfs.jpg,1,4
2597,id_z4fba4qtid.jpg,1,1
2598,id_z4z8to9ixl.jpg,0,2
2599,id_z5tpbz7df6.jpg,1,4
2600,id_z5ztb192s6.jpg,0,4
2601,id_z60nn0hluq.jpg,1,3
2602,id_z68mldxnb8.jpg,0,1
2603,id_z6tw4z5lgv.jpg,1,4
2604,id_z6vc5f8rtv.jpg,1,2
2605,id_z6vj78bcd3.jpg,0,4
2606,id_z741f4sc0i.jpg,0,2
2607,id_z85j0kcri3.jpg,0,3
2608,id_z8rmtwslh1.jpg,0,0
2609,id_z971kj0r4a.jpg,0,3
2610,id_z9oti139fc.jpg,1,4
2611,id_zbbtdl73z1.jpg,0,2
2612,id_zbk7cuy5dk.jpg,0,1
2613,id_zc7jyiweh2.jpg,2,3
2614,id_zcljbub8gi.jpg,0,3
2615,id_zd11u52q7u.jpg,1,1
2616,id_zd3ngmrvry.jpg,1,3
2617,id_zd3yuiuwm8.jpg,0,1
2618,id_zefo9un5o5.jpg,0,2
2619,id_zepp4vfds6.jpg,1,2
2620,id_zf10hw45ng.jpg,0,2
2621,id_zfg9klnjyj.jpg,0,0
2622,id_zfkzh6044j.jpg,0,0
2623,id_zfo1iphvm3.jpg,2,1
2624,id_zgha1bje1d.jpg,0,4
2625,id_zgo6w5lt74.jpg,0,1
2626,id_zil68oveco.jpg,1,3
2627,id_zimfwn21j6.jpg,0,3
2628,id_ziwywm8qtc.jpg,0,0
2629,id_zj26sxb7iu.jpg,0,3
2630,id_zja13qs1gz.jpg,1,2
2631,id_zjlf1ugace.jpg,0,4
2632,id_zk0fa3dsrg.jpg,0,1
2633,id_zkvpjmdz1a.jpg,0,2
2634,id_zkz5oykwrp.jpg,0,4
2635,id_zlad37cdkm.jpg,2,2
2636,id_zlstf86o30.jpg,0,1
2637,id_zmhmoi0n5i.jpg,1,0
2638,id_zmlohzmppc.jpg,0,2
2639,id_znct4h27t1.jpg,1,0
2640,id_znfjt0t7qv.jpg,0,4
2641,id_znum4ijq9g.jpg,0,0
2642,id_zo4j4fqyqh.jpg,0,2
2643,id_zoltpbqze9.jpg,0,3
2644,id_zow3gghj0l.jpg,0,4
2645,id_zp1zke5qu7.jpg,1,4
2646,id_zpsvn2vbnu.jpg,2,0
2647,id_zqlkrd2wv9.jpg,0,0
2648,id_zqo252mw0w.jpg,1,1
2649,id_zrojwzhjp4.jpg,0,4
2650,id_zry3h7m866.jpg,0,1
2651,id_zt1a8nuesi.jpg,0,4
2652,id_zt9xyhaobt.jpg,1,0
2653,id_ztkgkz833l.jpg,0,1
2654,id_zu1styzol0.jpg,0,0
2655,id_zujzt9sjh8.jpg,0,3
2656,id_zv0si9k8r7.jpg,0,3
2657,id_zvmqpmv7z3.jpg,0,3
2658,id_zw3dkayu0b.jpg,0,4
2659,id_zw4xo2evq1.jpg,0,2
2660,id_zw6hffbkis.jpg,1,1
2661,id_zwgjls96ev.jpg,0,4
2662,id_zwo2havuv5.jpg,2,3
2663,id_zxhpss7ytr.jpg,2,1
2664,id_zy9n6xce9p.jpg,2,3
2665,id_zydzdp046u.jpg,2,2
2666,id_zyoowbqcm3.jpg,2,4
2667,id_zz6gzk7p97.jpg,1,0
2668,id_zz8ca2p67e.jpg,0,3
2669,id_zzt8y9q0x0.jpg,1,0
